Date,count,score_mean,score_max,score_min,score_pos_std,score_neg_std
2024-04-30,13,0.32549232244491577,0.8126000165939331,-0.8442000150680542,0.14152541756629944,0.032950013875961304
2024-04-29,12,0.287241667509079,0.8554999828338623,-0.12800000607967377,0.29549476504325867,0.0
2024-04-28,2,0.18060000240802765,0.3612000048160553,0.0,0.0,0.0
2024-04-27,2,-0.14800000190734863,0.0,-0.29600000381469727,0.0,0.0
2024-04-26,8,-0.149275004863739,0.0,-0.7002999782562256,0.0,0.10319998860359192
2024-04-25,11,0.21250000596046448,0.8073999881744385,-0.5105999708175659,0.15647755563259125,0.008349984884262085
2024-04-24,4,0.4069499969482422,0.7429999709129333,0.29440000653266907,0.19401966035366058,0.0
2024-04-23,13,0.23290766775608063,0.6123999953269958,-0.6123999953269958,0.08168777078390121,0.1848907172679901
2024-04-22,11,-0.08581817895174026,0.45879998803138733,-0.5719000101089478,0.1745484173297882,0.07044174522161484
2024-04-21,1,-0.27320000529289246,-0.27320000529289246,-0.27320000529289246,0.0,0.0
2024-04-20,3,0.18076665699481964,0.5422999858856201,0.0,0.0,0.0
2024-04-19,12,-0.008350002579391003,0.47540000081062317,-0.6808000206947327,0.08822206407785416,0.2128649204969406
2024-04-18,8,0.36326250433921814,0.636900007724762,-0.22630000114440918,0.1659245491027832,0.0
2024-04-17,7,-0.15465714037418365,0.3400000035762787,-0.6485999822616577,0.0,0.2111443132162094
2024-04-16,12,0.39190831780433655,0.7778000235557556,0.0,0.1816774308681488,0.0
2024-04-15,13,-0.08316154032945633,0.7429999709129333,-0.7429999709129333,0.14933115243911743,0.19802173972129822
2024-04-14,7,0.07508570700883865,0.5859000086784363,-0.22630000114440918,0.006999999284744263,0.0734008327126503
2024-04-13,2,-0.8270999789237976,-0.8270999789237976,-0.8270999789237976,0.0,0.0
2024-04-12,6,0.23189999163150787,0.5105999708175659,-0.025800000876188278,0.1918126344680786,0.0
2024-04-11,3,-0.032866667956113815,0.45879998803138733,-0.5573999881744385,0.0,0.0
2024-04-10,7,0.3530714213848114,0.6908000111579895,-0.7573999762535095,0.08361529558897018,0.0
2024-04-09,17,0.18604117631912231,0.7002999782562256,-0.25,0.16263611614704132,0.050234269350767136
2024-04-08,8,-0.010300002992153168,0.8073999881744385,-0.4767000079154968,0.21279999613761902,0.07471762597560883
2024-04-07,1,0.0,0.0,0.0,0.0,0.0
2024-04-06,0,0.0,0.0,0.0,0.0,0.0
2024-04-05,5,0.02054000087082386,0.10270000249147415,0.0,0.0,0.0
2024-04-04,7,0.1648142784833908,0.4018999934196472,0.0,0.11462105065584183,0.0
2024-04-03,9,0.16965556144714355,0.4018999934196472,0.0,0.07922033220529556,0.0
2024-04-02,13,0.19799230992794037,0.5983999967575073,-0.6123999953269958,0.16442543268203735,0.0
2024-04-01,3,0.27853333950042725,0.6808000206947327,0.0,0.2630000114440918,0.0
2024-03-31,0,0.0,0.0,0.0,0.0,0.0
2024-03-30,0,0.0,0.0,0.0,0.0,0.0
2024-03-29,4,0.48944997787475586,0.5573999881744385,0.42149999737739563,0.06794999539852142,0.0
2024-03-28,14,-0.19584999978542328,0.6417999863624573,-0.8806999921798706,0.1867912858724594,0.2625696063041687
2024-03-27,9,-0.07670000195503235,0.5719000101089478,-0.5267000198364258,0.16095000505447388,0.03200837969779968
2024-03-26,14,-9.286190470447764e-05,0.8270999789237976,-0.8442000150680542,0.24348388612270355,0.0018856219248846173
2024-03-25,11,-0.04450908675789833,0.3400000035762787,-0.4018999934196472,0.0,0.1772952377796173
2024-03-24,1,0.0,0.0,0.0,0.0,0.0
2024-03-23,6,0.07339999824762344,0.44040000438690186,0.0,0.0,0.0
2024-03-22,14,0.22125713527202606,0.8956999778747559,-0.12800000607967377,0.17912587523460388,0.0
2024-03-21,6,-0.23568332195281982,0.25,-0.9061999917030334,0.0,0.07414999604225159
2024-03-20,9,0.031055549159646034,0.7350999712944031,-0.7649999856948853,0.20334215462207794,0.2784881591796875
2024-03-19,18,0.21585001051425934,0.79830002784729,-0.5267000198364258,0.18339595198631287,0.06240001320838928
2024-03-18,13,0.048176925629377365,0.47540000081062317,-0.4018999934196472,0.21151378750801086,0.010049998760223389
2024-03-17,1,0.0,0.0,0.0,0.0,0.0
2024-03-16,2,-0.22085000574588776,0.0,-0.4417000114917755,0.0,0.0
2024-03-15,23,0.1276739239692688,0.8019999861717224,-0.7095999717712402,0.14708755910396576,0.15852059423923492
2024-03-14,9,0.16313332319259644,0.6596999764442444,-0.17790000140666962,0.2491004765033722,0.0
2024-03-13,18,0.3229166567325592,0.8206999897956848,-0.6248999834060669,0.20970846712589264,0.0
2024-03-12,15,0.16704000532627106,0.8590999841690063,-0.3400000035762787,0.3187013268470764,0.01090000569820404
2024-03-11,26,0.29080384969711304,0.9286999702453613,-0.3612000048160553,0.24513086676597595,0.1231226697564125
2024-03-10,2,-0.6114000082015991,-0.5859000086784363,-0.636900007724762,0.0,0.025499999523162842
2024-03-09,6,-0.0883166715502739,0.0,-0.4018999934196472,0.0,0.13695000112056732
2024-03-08,10,0.1265999972820282,0.7268999814987183,0.0,0.22821439802646637,0.0
2024-03-07,15,0.09749999642372131,0.8544999957084656,-0.42149999737739563,0.19652396440505981,0.0798172652721405
2024-03-06,20,0.3672800064086914,0.8934000134468079,-0.4018999934196472,0.13199248909950256,0.12439999729394913
2024-03-05,35,0.16876287758350372,0.9480999708175659,-0.7268999814987183,0.2342800498008728,0.19134411215782166
2024-03-04,22,0.0403454564511776,0.7512000203132629,-0.6908000111579895,0.21979853510856628,0.13237379491329193
2024-03-03,3,0.4323999881744385,0.6485999822616577,0.0,0.0,0.0
2024-03-02,3,0.11239999532699585,0.44040000438690186,-0.051600001752376556,0.0,0.0
2024-03-01,4,0.03547500818967819,0.44040000438690186,-0.6596999764442444,0.03959999978542328,0.0
2024-02-29,28,0.2152821272611618,0.8884999752044678,-0.6704999804496765,0.22155426442623138,0.19908832013607025
2024-02-28,25,0.16717201471328735,0.7429999709129333,-0.051600001752376556,0.1630931943655014,0.0
2024-02-27,13,0.14523077011108398,0.7184000015258789,-0.27320000529289246,0.22632336616516113,0.07550259679555893
2024-02-26,5,0.11565999686717987,0.5267000198364258,0.0,0.23755000531673431,0.0
2024-02-25,1,-0.7268999814987183,-0.7268999814987183,-0.7268999814987183,0.0,0.0
2024-02-24,0,0.0,0.0,0.0,0.0,0.0
2024-02-23,6,-0.12623333930969238,0.29600000381469727,-0.5267000198364258,0.0,0.0
2024-02-22,10,0.0986499935388565,0.8224999904632568,-0.5090000033378601,0.16651587188243866,0.16907534003257751
2024-02-21,5,0.1633400022983551,0.4767000079154968,0.0,0.06835000216960907,0.0
2024-02-20,7,0.34882858395576477,0.6123999953269958,-0.12800000607967377,0.16832761466503143,0.0
2024-02-19,2,0.3891499936580658,0.7782999873161316,0.0,0.0,0.0
2024-02-18,1,0.3612000048160553,0.3612000048160553,0.3612000048160553,0.0,0.0
2024-02-17,1,-0.599399983882904,-0.599399983882904,-0.599399983882904,0.0,0.0
2024-02-16,8,0.4754500091075897,0.8622000217437744,0.0,0.22756332159042358,0.0
2024-02-15,14,0.22068572044372559,0.8270999789237976,-0.6248999834060669,0.20187127590179443,0.16579295694828033
2024-02-14,17,0.059017643332481384,0.8019999861717224,-0.8863999843597412,0.2720150351524353,0.2910419702529907
2024-02-13,19,0.013763152062892914,0.5859000086784363,-0.5719000101089478,0.14315544068813324,0.1502690464258194
2024-02-12,13,0.1409461498260498,0.7002999782562256,-0.5267000198364258,0.17816363275051117,0.0
2024-02-11,1,0.42149999737739563,0.42149999737739563,0.42149999737739563,0.0,0.0
2024-02-10,0,0.0,0.0,0.0,0.0,0.0
2024-02-09,5,0.3609200119972229,0.6704999804496765,-0.4767000079154968,0.05917845666408539,0.0
2024-02-08,11,0.17977271974086761,0.45879998803138733,-0.17960000038146973,0.13451771438121796,0.03844999894499779
2024-02-07,6,0.052766669541597366,0.4018999934196472,-0.42149999737739563,0.1119999960064888,0.0
2024-02-06,10,0.07288999855518341,0.6248999834060669,-0.5573999881744385,0.10169999301433563,0.14917536079883575
2024-02-05,4,-0.42855000495910645,0.0,-0.599399983882904,0.0,0.019798988476395607
2024-02-04,0,0.0,0.0,0.0,0.0,0.0
2024-02-03,1,0.8360000252723694,0.8360000252723694,0.8360000252723694,0.0,0.0
2024-02-02,4,-0.05022498965263367,0.570900022983551,-0.49390000104904175,0.0,0.1818910390138626
2024-02-01,15,0.01627333275973797,0.7782999873161316,-0.5422999858856201,0.24496376514434814,0.040906477719545364
2024-01-31,7,-0.11409999430179596,0.49390000104904175,-0.6485999822616577,0.18441344797611237,0.17629998922348022
2024-01-30,15,0.3507799804210663,0.8019999861717224,-0.44040000438690186,0.15611010789871216,0.14522071182727814
2024-01-29,7,0.2466285526752472,0.7390999794006348,-0.7184000015258789,0.08697467297315598,0.0
2024-01-28,0,0.0,0.0,0.0,0.0,0.0
2024-01-27,0,0.0,0.0,0.0,0.0,0.0
2024-01-26,5,0.47568002343177795,0.8442000150680542,0.0,0.2238740622997284,0.0
2024-01-25,6,0.023733338341116905,0.8442000150680542,-0.6248999834060669,0.05865001678466797,0.10512319952249527
2024-01-24,6,0.11899999529123306,0.6248999834060669,-0.5105999708175659,0.05388154089450836,0.04454999044537544
2024-01-23,11,0.18626365065574646,0.7964000105857849,-0.6123999953269958,0.2526022791862488,0.21651609241962433
2024-01-22,7,0.05537142977118492,0.44040000438690186,-0.5267000198364258,0.10734432190656662,0.0
2024-01-21,1,0.0,0.0,0.0,0.0,0.0
2024-01-20,4,0.22135001420974731,0.3400000035762787,0.10270000249147415,0.11865000426769257,0.0
2024-01-19,15,0.089286670088768,0.8073999881744385,-0.7002999782562256,0.1490451842546463,0.24320361018180847
2024-01-18,12,0.09539999812841415,0.5105999708175659,-0.4018999934196472,0.13987432420253754,0.09364999830722809
2024-01-17,13,0.35230767726898193,0.7717000246047974,-0.27320000529289246,0.1611347645521164,0.0
2024-01-16,10,0.2871699929237366,0.8019999861717224,-0.5573999881744385,0.15206916630268097,0.031749993562698364
2024-01-15,5,0.07518000155687332,0.7782999873161316,-0.38179999589920044,0.20854999125003815,0.0
2024-01-14,1,-0.19009999930858612,-0.19009999930858612,-0.19009999930858612,0.0,0.0
2024-01-13,3,0.1467999964952469,0.44040000438690186,0.0,0.0,0.0
2024-01-12,21,0.17699047923088074,0.8402000069618225,-0.5422999858856201,0.2429220825433731,0.1294652223587036
2024-01-11,66,0.21669243276119232,0.8931999802589417,-0.7782999873161316,0.17533981800079346,0.050235722213983536
2024-01-10,72,0.07918056100606918,0.8224999904632568,-0.7578999996185303,0.2389989197254181,0.18352799117565155
2024-01-09,24,0.1001875177025795,0.8176000118255615,-0.8016999959945679,0.21091629564762115,0.1791473925113678
2024-01-08,19,0.2818736732006073,0.7350999712944031,-0.49390000104904175,0.16507460176944733,0.16065466403961182
2024-01-07,0,0.0,0.0,0.0,0.0,0.0
2024-01-06,0,0.0,0.0,0.0,0.0,0.0
2024-01-05,4,0.2965250015258789,0.5719000101089478,0.0,0.12515650689601898,0.0
2024-01-04,11,0.2985272705554962,0.83160001039505,-0.6248999834060669,0.18951137363910675,0.0
2024-01-03,14,0.3521571457386017,0.6123999953269958,-0.27320000529289246,0.06961216777563095,0.11079999804496765
2024-01-02,13,0.30743077397346497,0.958299994468689,0.0,0.22356605529785156,0.0
2024-01-01,1,0.0,0.0,0.0,0.0,0.0
2023-12-31,0,0.0,0.0,0.0,0.0,0.0
2023-12-30,1,0.0,0.0,0.0,0.0,0.0
2023-12-29,7,-0.0033285703975707293,0.3167000114917755,-0.3400000035762787,0.0,0.0
2023-12-28,8,0.22183749079704285,0.7717000246047974,0.0,0.19188092648983002,0.0
2023-12-27,7,0.19771428406238556,0.5422999858856201,-0.44040000438690186,0.13586322963237762,0.0
2023-12-26,5,-0.13024000823497772,0.6596999764442444,-0.8126000165939331,0.0,0.26835328340530396
2023-12-25,0,0.0,0.0,0.0,0.0,0.0
2023-12-24,0,0.0,0.0,0.0,0.0,0.0
2023-12-23,3,-0.3856000006198883,0.0,-0.599399983882904,0.0,0.020999997854232788
2023-12-22,14,0.14068572223186493,0.6588000059127808,-0.4018999934196472,0.16421809792518616,0.16234999895095825
2023-12-21,1,-0.3400000035762787,-0.3400000035762787,-0.3400000035762787,0.0,0.0
2023-12-20,3,0.23653332889080048,0.7095999717712402,0.0,0.0,0.0
2023-12-19,9,0.15391111373901367,0.6808000206947327,-0.3181999921798706,0.08959368616342545,0.10774999111890793
2023-12-18,6,0.1157333254814148,0.5422999858856201,-0.27320000529289246,0.19961515069007874,0.09045000374317169
2023-12-17,1,-0.49390000104904175,-0.49390000104904175,-0.49390000104904175,0.0,0.0
2023-12-16,3,0.0,0.0,0.0,0.0,0.0
2023-12-15,14,0.15657857060432434,0.7184000015258789,-0.6248999834060669,0.21175919473171234,0.0
2023-12-14,7,-0.020414287224411964,0.15309999883174896,-0.29600000381469727,0.0,0.0
2023-12-13,9,0.13018888235092163,0.6248999834060669,-0.8999000191688538,0.18259790539741516,0.30195000767707825
2023-12-12,7,0.4610714018344879,0.7717000246047974,0.19009999930858612,0.1890677660703659,0.0
2023-12-11,13,0.2433999925851822,0.7777000069618225,-0.7429999709129333,0.18286049365997314,0.21239998936653137
2023-12-10,0,0.0,0.0,0.0,0.0,0.0
2023-12-09,1,0.7425000071525574,0.7425000071525574,0.7425000071525574,0.0,0.0
2023-12-08,7,0.30631428956985474,0.6996999979019165,-0.3400000035762787,0.13406553864479065,0.0
2023-12-07,11,0.1586909145116806,0.8475000262260437,-0.7782999873161316,0.24838978052139282,0.29669827222824097
2023-12-06,24,0.13737499713897705,0.636900007724762,-0.38179999589920044,0.15363062918186188,2.9802322387695312e-08
2023-12-05,14,0.02929285354912281,0.5105999708175659,-0.5719000101089478,0.13773605227470398,0.19155433773994446
2023-12-04,31,0.18929356336593628,0.8294000029563904,-0.6704999804496765,0.1644682139158249,0.16068881750106812
2023-12-03,9,0.3038889169692993,0.8126000165939331,0.0,0.10027523338794708,0.0
2023-12-02,3,0.2572333514690399,0.7717000246047974,0.0,0.0,0.0
2023-12-01,10,0.06177997589111328,0.6248999834060669,-0.3400000035762787,0.17672954499721527,0.11950000375509262
2023-11-30,4,0.3041749894618988,0.7578999996185303,0.0,0.14955000579357147,0.0
2023-11-29,7,0.33907145261764526,0.5719000101089478,-0.12800000607967377,0.05268941819667816,0.012650001794099808
2023-11-28,7,-0.21800000965595245,0.5105999708175659,-0.784500002861023,0.07469998300075531,0.1971566081047058
2023-11-27,4,0.051350004971027374,0.42149999737739563,-0.42149999737739563,0.15028375387191772,0.0
2023-11-26,0,0.0,0.0,0.0,0.0,0.0
2023-11-25,0,0.0,0.0,0.0,0.0,0.0
2023-11-24,4,0.13635000586509705,0.44040000438690186,-0.3612000048160553,0.19544431567192078,0.0
2023-11-23,3,0.04266666993498802,0.12800000607967377,0.0,0.0,0.0
2023-11-22,6,-0.21514999866485596,0.4018999934196472,-0.7906000018119812,0.0,0.26815587282180786
2023-11-21,5,0.40799999237060547,0.784500002861023,-0.8402000069618225,0.11163066327571869,0.0
2023-11-20,8,-0.050800006836652756,0.8270999789237976,-0.7578999996185303,0.362199991941452,0.2940206229686737
2023-11-19,2,0.445499986410141,0.890999972820282,0.0,0.0,0.0
2023-11-18,1,0.7268999814987183,0.7268999814987183,0.7268999814987183,0.0,0.0
2023-11-17,7,0.18417143821716309,0.29600000381469727,0.0,0.06551780551671982,0.0
2023-11-16,5,0.15015999972820282,0.8073999881744385,-0.4767000079154968,0.1936499923467636,0.0
2023-11-15,9,0.12094444781541824,0.6596999764442444,-0.4767000079154968,0.15434296429157257,0.06387532502412796
2023-11-14,4,0.2093999981880188,0.6596999764442444,0.0,0.2408999800682068,0.0
2023-11-13,3,0.28583332896232605,0.45879998803138733,0.10270000249147415,0.14555485546588898,0.0
2023-11-12,0,0.0,0.0,0.0,0.0,0.0
2023-11-11,2,0.0,0.0,0.0,0.0,0.0
2023-11-10,8,0.16158749163150787,0.7578999996185303,-0.2892000079154968,0.09560934454202652,0.0
2023-11-09,7,0.08015714585781097,0.6485999822616577,-0.5498999953269958,0.14768213033676147,0.18427665531635284
2023-11-08,6,0.18513333797454834,0.7095999717712402,0.0,0.23994487524032593,0.0
2023-11-07,8,0.181862473487854,0.7578999996185303,-0.5573999881744385,0.10330691188573837,0.1895754337310791
2023-11-06,9,0.4415666460990906,0.7782999873161316,0.0,0.12535928189754486,0.0
2023-11-05,1,0.025800000876188278,0.025800000876188278,0.025800000876188278,0.0,0.0
2023-11-04,0,0.0,0.0,0.0,0.0,0.0
2023-11-03,13,-0.08629230409860611,0.7184000015258789,-0.8689000010490417,0.2016758918762207,0.3092101812362671
2023-11-02,11,-0.000772722763940692,0.6248999834060669,-0.5573999881744385,0.13375864923000336,0.17293144762516022
2023-11-01,8,0.10986249893903732,0.8956999778747559,-0.7279999852180481,0.34802693128585815,0.0
2023-10-31,7,0.2192285805940628,0.7964000105857849,-0.6485999822616577,0.19376863539218903,0.0
2023-10-30,7,-0.1842000037431717,0.20229999721050262,-0.8572999835014343,0.0,0.2571277320384979
2023-10-29,0,0.0,0.0,0.0,0.0,0.0
2023-10-28,2,0.0,0.0,0.0,0.0,0.0
2023-10-27,6,0.494299978017807,0.8518999814987183,0.0,0.16957904398441315,0.0
2023-10-26,9,-0.02214445173740387,0.7350999712944031,-0.9329000115394592,0.25823092460632324,0.10159999132156372
2023-10-25,5,-0.08016000688076019,0.44040000438690186,-0.5267000198364258,0.0,0.10610000789165497
2023-10-24,18,-0.012505549006164074,0.49390000104904175,-0.7268999814987183,0.09274481981992722,0.20768821239471436
2023-10-23,7,0.3424428105354309,0.6485999822616577,-0.4767000079154968,0.09232813119888306,0.0
2023-10-22,0,0.0,0.0,0.0,0.0,0.0
2023-10-21,0,0.0,0.0,0.0,0.0,0.0
2023-10-20,2,-0.125,0.0,-0.25,0.0,0.0
2023-10-19,9,0.24832218885421753,0.8590999841690063,-0.5859000086784363,0.25324589014053345,0.0
2023-10-18,5,0.3118399977684021,0.6711999773979187,0.0,0.162466362118721,0.0
2023-10-17,7,0.1559000015258789,0.7184000015258789,-0.7964000105857849,0.12953996658325195,0.17800000309944153
2023-10-16,10,-0.006209990940988064,0.5526000261306763,-0.6360999941825867,0.04796682670712471,0.19037607312202454
2023-10-15,1,-0.3181999921798706,-0.3181999921798706,-0.3181999921798706,0.0,0.0
2023-10-14,0,0.0,0.0,0.0,0.0,0.0
2023-10-13,2,0.1590999960899353,0.3181999921798706,0.0,0.0,0.0
2023-10-12,4,-0.27512499690055847,0.25,-0.6704999804496765,0.0,0.15579918026924133
2023-10-11,2,-0.4224500060081482,-0.3181999921798706,-0.5267000198364258,0.0,0.10425001382827759
2023-10-10,2,0.2859500050544739,0.5719000101089478,0.0,0.0,0.0
2023-10-09,4,0.36387500166893005,0.636900007724762,0.17790000140666962,0.18069933354854584,0.0
2023-10-08,0,0.0,0.0,0.0,0.0,0.0
2023-10-07,0,0.0,0.0,0.0,0.0,0.0
2023-10-06,7,-0.3775857090950012,0.45879998803138733,-0.7184000015258789,0.0,0.0900762751698494
2023-10-05,1,0.0,0.0,0.0,0.0,0.0
2023-10-04,2,0.0,0.0,0.0,0.0,0.0
2023-10-03,4,-0.08574999868869781,0.49390000104904175,-0.7505999803543091,0.026749998331069946,0.11194998025894165
2023-10-02,9,-0.12458888441324234,0.5105999708175659,-0.5105999708175659,0.10688753426074982,0.05764779821038246
2023-10-01,0,0.0,0.0,0.0,0.0,0.0
2023-09-30,0,0.0,0.0,0.0,0.0,0.0
2023-09-29,6,0.2125999927520752,0.7002999782562256,-0.49390000104904175,0.16263487935066223,0.0
2023-09-28,1,0.0,0.0,0.0,0.0,0.0
2023-09-27,8,-0.271699994802475,0.42149999737739563,-0.784500002861023,0.0,0.18725502490997314
2023-09-26,5,0.12389999628067017,0.5422999858856201,0.0,0.2325499951839447,0.0
2023-09-25,3,0.42853331565856934,0.8194000124931335,0.025800000876188278,0.3240945041179657,0.0
2023-09-24,2,-0.17874997854232788,0.15309999883174896,-0.5105999708175659,0.0,0.0
2023-09-23,0,0.0,0.0,0.0,0.0,0.0
2023-09-22,2,0.46654999256134033,0.5719000101089478,0.3612000048160553,0.10535000264644623,0.0
2023-09-21,8,0.27762502431869507,0.8402000069618225,0.0,0.2140309065580368,0.0
2023-09-20,2,0.25029999017715454,0.7268999814987183,-0.22630000114440918,0.0,0.0
2023-09-19,3,0.4403333365917206,0.7350999712944031,0.0,0.0745999813079834,0.0
2023-09-18,4,0.15925000607967377,0.4830000102519989,-0.20180000364780426,0.14382551610469818,0.0
2023-09-17,0,0.0,0.0,0.0,0.0,0.0
2023-09-16,0,0.0,0.0,0.0,0.0,0.0
2023-09-15,4,-0.11549998819828033,0.862500011920929,-0.9168999791145325,0.0,0.36623114347457886
2023-09-14,3,0.26733332872390747,0.8019999861717224,0.0,0.0,0.0
2023-09-13,4,0.10745000839233398,0.5070000290870667,-0.07720000296831131,0.0,0.0
2023-09-12,5,0.029999995604157448,0.8554999828338623,-0.8779000043869019,0.31922006607055664,0.32580000162124634
2023-09-11,6,-0.008066666312515736,0.17790000140666962,-0.22630000114440918,0.0,0.0
2023-09-10,0,0.0,0.0,0.0,0.0,0.0
2023-09-09,1,-0.15309999883174896,-0.15309999883174896,-0.15309999883174896,0.0,0.0
2023-09-08,2,-0.31244999170303345,0.0,-0.6248999834060669,0.0,0.0
2023-09-07,9,-0.27977779507637024,0.0,-0.90420001745224,0.0,0.27625033259391785
2023-09-06,5,-0.11087999492883682,0.5023000240325928,-0.7469000220298767,0.0,0.17596186697483063
2023-09-05,4,-0.16837500035762787,-0.025800000876188278,-0.49390000104904175,0.0,0.1925174742937088
2023-09-04,2,0.4517499804496765,0.5422999858856201,0.3612000048160553,0.09054999053478241,0.0
2023-09-03,0,0.0,0.0,0.0,0.0,0.0
2023-09-02,3,0.3818666934967041,0.5859000086784363,0.17790000140666962,0.16656531393527985,0.0
2023-09-01,8,0.32711249589920044,0.5573999881744385,0.0,0.15221841633319855,0.0
2023-08-31,12,-0.06736667454242706,0.6596999764442444,-0.6270999908447266,0.058699995279312134,0.20036248862743378
2023-08-30,13,0.2740538716316223,0.6596999764442444,-0.49390000104904175,0.10322858393192291,0.23405000567436218
2023-08-29,33,0.05501817911863327,0.7264000177383423,-0.6808000206947327,0.2342832237482071,0.1867450624704361
2023-08-28,10,0.34126999974250793,0.8201000094413757,-0.22630000114440918,0.21899408102035522,0.0
2023-08-27,1,0.3612000048160553,0.3612000048160553,0.3612000048160553,0.0,0.0
2023-08-26,0,0.0,0.0,0.0,0.0,0.0
2023-08-25,0,0.0,0.0,0.0,0.0,0.0
2023-08-24,5,-0.032079994678497314,0.4018999934196472,-0.7429999709129333,0.14655062556266785,0.358599990606308
2023-08-23,4,0.24205000698566437,0.8402000069618225,-0.3181999921798706,0.3010885715484619,0.0
2023-08-22,5,-0.11653999984264374,0.38179999589920044,-0.8176000118255615,0.10194999724626541,0.32184088230133057
2023-08-21,2,-0.40880000591278076,0.0,-0.8176000118255615,0.0,0.0
2023-08-20,0,0.0,0.0,0.0,0.0,0.0
2023-08-19,0,0.0,0.0,0.0,0.0,0.0
2023-08-18,13,0.11806922405958176,0.8806999921798706,-0.49390000104904175,0.2332952618598938,0.1804363876581192
2023-08-17,9,-0.00038889714051038027,0.8478999733924866,-0.6621000170707703,0.09964999556541443,0.12394184619188309
2023-08-16,2,0.0,0.0,0.0,0.0,0.0
2023-08-15,7,0.2599000036716461,0.8069999814033508,-0.44040000438690186,0.18484839797019958,0.16885000467300415
2023-08-14,3,0.21689999103546143,0.6248999834060669,0.0,0.29954999685287476,0.0
2023-08-13,3,-0.09486666321754456,0.0,-0.28459998965263367,0.0,0.0
2023-08-12,0,0.0,0.0,0.0,0.0,0.0
2023-08-11,4,-0.02342500537633896,0.45879998803138733,-0.5267000198364258,0.0,0.2504500150680542
2023-08-10,3,0.14486666023731232,0.636900007724762,-0.5422999858856201,0.14845000207424164,0.0
2023-08-09,7,-0.06184285879135132,0.6123999953269958,-0.49390000104904175,0.16200228035449982,0.05721123144030571
2023-08-08,6,-0.00860000029206276,0.0,-0.051600001752376556,0.0,0.0
2023-08-07,13,0.2345077097415924,0.7505999803543091,0.0,0.2506655156612396,0.0
2023-08-06,0,0.0,0.0,0.0,0.0,0.0
2023-08-05,0,0.0,0.0,0.0,0.0,0.0
2023-08-04,7,-0.2887857258319855,0.0,-0.7717000246047974,0.0,0.06920220702886581
2023-08-03,9,0.09939999133348465,0.8019999861717224,-0.7350999712944031,0.2944191098213196,0.1708974689245224
2023-08-02,12,0.22142501175403595,0.8442000150680542,0.0,0.3218325078487396,0.0
2023-08-01,6,0.23126666247844696,0.5647000074386597,0.0,0.2084542065858841,0.0
2023-07-31,4,0.2722499966621399,0.6485999822616577,0.0,0.10409998893737793,0.0
2023-07-30,1,0.0,0.0,0.0,0.0,0.0
2023-07-29,2,-0.04859998822212219,0.6123999953269958,-0.7095999717712402,0.0,0.0
2023-07-28,4,-0.40869995951652527,0.44040000438690186,-0.7906000018119812,0.0,0.07133828103542328
2023-07-27,2,0.0,0.0,0.0,0.0,0.0
2023-07-26,2,0.051350001245737076,0.10270000249147415,0.0,0.0,0.0
2023-07-25,6,0.11719999462366104,0.5267000198364258,-0.025800000876188278,0.16220001876354218,0.0
2023-07-24,7,0.397599995136261,0.6901000142097473,-0.14190000295639038,0.12952668964862823,0.0
2023-07-23,0,0.0,0.0,0.0,0.0,0.0
2023-07-22,0,0.0,0.0,0.0,0.0,0.0
2023-07-21,4,0.19597500562667847,0.5719000101089478,-0.4018999934196472,0.22536572813987732,0.0
2023-07-20,4,0.05954999849200249,0.23819999396800995,0.0,0.0,0.0
2023-07-19,4,-0.2356249839067459,0.4767000079154968,-0.7095999717712402,0.0,0.0
2023-07-18,3,0.11036666482686996,0.5573999881744385,-0.22630000114440918,0.0,0.0
2023-07-17,6,0.2807166576385498,0.6485999822616577,-0.22630000114440918,0.008296719752252102,0.0
2023-07-16,0,0.0,0.0,0.0,0.0,0.0
2023-07-15,1,0.0,0.0,0.0,0.0,0.0
2023-07-14,12,0.15995000302791595,0.8518999814987183,-0.4388999938964844,0.20002299547195435,0.13294604420661926
2023-07-13,10,0.12229999154806137,0.8019999861717224,-0.3181999921798706,0.20779511332511902,0.08491359651088715
2023-07-12,8,0.3218749761581421,0.8442000150680542,-0.3400000035762787,0.22584344446659088,0.0
2023-07-11,10,0.3021700084209442,0.8402000069618225,-0.5541999936103821,0.18564271926879883,0.01374998688697815
2023-07-10,4,0.42389997839927673,0.7649999856948853,0.0,0.18543361127376556,0.0
2023-07-09,1,0.45879998803138733,0.45879998803138733,0.45879998803138733,0.0,0.0
2023-07-08,2,-0.24269999563694,0.0,-0.48539999127388,0.0,0.0
2023-07-07,3,0.39233335852622986,0.7002999782562256,0.0,0.11179998517036438,0.0
2023-07-06,9,-0.014344440773129463,0.7578999996185303,-0.7429999709129333,0.19920267164707184,0.18064787983894348
2023-07-05,9,0.25094446539878845,0.9061999917030334,-0.599399983882904,0.198811873793602,0.1630999892950058
2023-07-04,2,0.0,0.0,0.0,0.0,0.0
2023-07-03,4,-0.0981999933719635,0.5719000101089478,-0.7095999717712402,0.09505000710487366,0.036349982023239136
2023-07-02,1,-0.051600001752376556,-0.051600001752376556,-0.051600001752376556,0.0,0.0
2023-07-01,0,0.0,0.0,0.0,0.0,0.0
2023-06-30,11,0.45642730593681335,0.8019999861717224,-0.5422999858856201,0.1775023341178894,0.16999998688697815
2023-06-29,9,-0.005533337593078613,0.5573999881744385,-0.7184000015258789,0.2023073136806488,0.1180361956357956
2023-06-28,8,0.21558749675750732,0.8402000069618225,-0.42010000348091125,0.24881237745285034,0.14605000615119934
2023-06-27,4,0.12870000302791595,0.6123999953269958,-0.45879998803138733,0.12559999525547028,0.0
2023-06-26,10,0.33256998658180237,0.5719000101089478,-0.22630000114440918,0.09789849817752838,0.0
2023-06-25,0,0.0,0.0,0.0,0.0,0.0
2023-06-24,0,0.0,0.0,0.0,0.0,0.0
2023-06-23,9,-0.18080000579357147,0.44040000438690186,-0.7184000015258789,0.09520000219345093,0.13899999856948853
2023-06-22,12,0.03336666524410248,0.8126000165939331,-0.4767000079154968,0.10660001635551453,0.13582123816013336
2023-06-21,13,-0.0009538393933326006,0.5859000086784363,-0.6704999804496765,0.1601555049419403,0.08796492964029312
2023-06-20,11,0.2940181791782379,0.8673999905586243,-0.3400000035762787,0.18059541285037994,0.0
2023-06-19,2,0.07280000299215317,0.17790000140666962,-0.03229999914765358,0.0,0.0
2023-06-18,0,0.0,0.0,0.0,0.0,0.0
2023-06-17,0,0.0,0.0,0.0,0.0,0.0
2023-06-16,3,-0.28279998898506165,0.0,-0.6704999804496765,0.0,0.24629999697208405
2023-06-15,12,0.3248083293437958,0.8270999789237976,0.0,0.1346558779478073,0.0
2023-06-14,8,-0.1815125048160553,0.0,-0.4767000079154968,0.0,0.06969033181667328
2023-06-13,12,0.18199165165424347,0.8844000101089478,-0.5216000080108643,0.3139614760875702,0.15301747620105743
2023-06-12,3,0.03423333540558815,0.10270000249147415,0.0,0.0,0.0
2023-06-11,0,0.0,0.0,0.0,0.0,0.0
2023-06-10,1,0.7350999712944031,0.7350999712944031,0.7350999712944031,0.0,0.0
2023-06-09,7,-0.08311428129673004,0.7002999782562256,-0.5573999881744385,0.0,0.2063499242067337
2023-06-08,11,-0.004136356525123119,0.7425000071525574,-0.83160001039505,0.21962995827198029,0.2637731432914734
2023-06-07,11,-0.031118176877498627,0.5719000101089478,-0.6485999822616577,0.19927473366260529,0.19973312318325043
2023-06-06,9,-0.12502223253250122,0.5719000101089478,-0.7505999803543091,0.0912572592496872,0.15430955588817596
2023-06-05,10,-0.1265600025653839,0.44040000438690186,-0.5267000198364258,0.07809555530548096,0.1460333615541458
2023-06-04,2,0.0,0.0,0.0,0.0,0.0
2023-06-03,3,0.15293332934379578,0.45879998803138733,0.0,0.0,0.0
2023-06-02,5,0.42945998907089233,0.8518999814987183,-0.07720000296831131,0.23171424865722656,0.0
2023-06-01,3,-0.23830001056194305,0.42149999737739563,-0.6596999764442444,0.0,0.09149998426437378
2023-05-31,8,0.06112499535083771,0.8360000252723694,-0.83160001039505,0.1651778668165207,0.2734615206718445
2023-05-30,7,-0.0357142873108387,0.0,-0.25,0.0,0.0
2023-05-29,8,0.32899999618530273,0.7505999803543091,-0.42149999737739563,0.21243081986904144,0.0
2023-05-28,3,0.2860666513442993,0.5105999708175659,0.051600001752376556,0.18751755356788635,0.0
2023-05-27,1,0.29600000381469727,0.29600000381469727,0.29600000381469727,0.0,0.0
2023-05-26,1,0.0,0.0,0.0,0.0,0.0
2023-05-25,5,0.37765997648239136,0.8655999898910522,0.0,0.24248866736888885,0.0
2023-05-24,0,0.0,0.0,0.0,0.0,0.0
2023-05-23,5,-0.09046000242233276,0.3612000048160553,-0.3612000048160553,0.0,0.06657488644123077
2023-05-22,8,0.11743751168251038,0.5573999881744385,-0.7649999856948853,0.15515081584453583,0.0
2023-05-21,2,0.3891499936580658,0.7782999873161316,0.0,0.0,0.0
2023-05-20,0,0.0,0.0,0.0,0.0,0.0
2023-05-19,7,0.018928570672869682,0.7717000246047974,-0.6908000111579895,0.3600500226020813,0.0
2023-05-18,9,0.003911120817065239,0.8712000250816345,-0.4018999934196472,0.1644500195980072,0.034272320568561554
2023-05-17,8,0.18851250410079956,0.636900007724762,-0.3612000048160553,0.18354474008083344,0.07945000380277634
2023-05-16,6,0.4822333753108978,0.784500002861023,0.0,0.059429313987493515,0.0
2023-05-15,4,0.27102500200271606,0.5573999881744385,0.0,0.015349984169006348,0.0
2023-05-14,2,0.5509999990463257,0.7408000230789185,0.3612000048160553,0.18980000913143158,0.0
2023-05-13,0,0.0,0.0,0.0,0.0,0.0
2023-05-12,10,-0.102649986743927,0.8658000230789185,-0.7268999814987183,0.2010391801595688,0.2459600269794464
2023-05-11,3,-0.13396666944026947,0.0,-0.4018999934196472,0.0,0.0
2023-05-10,9,0.012922227382659912,0.5267000198364258,-0.8806999921798706,0.045791734009981155,0.3492409586906433
2023-05-09,8,0.019249998033046722,0.42149999737739563,-0.6915000081062317,0.12023887783288956,0.0
2023-05-08,17,0.24465294182300568,0.8884999752044678,-0.17790000140666962,0.20138123631477356,0.012400001287460327
2023-05-07,0,0.0,0.0,0.0,0.0,0.0
2023-05-06,1,-0.3181999921798706,-0.3181999921798706,-0.3181999921798706,0.0,0.0
2023-05-05,4,0.23942500352859497,0.44040000438690186,-0.025800000876188278,0.15919330716133118,0.0
2023-05-04,5,-0.14913998544216156,0.8805000185966492,-0.7832000255584717,0.0,0.1705070286989212
2023-05-03,4,0.05172499269247055,0.38179999589920044,-0.27320000529289246,0.07774999737739563,0.07259999960660934
2023-05-02,9,0.1660444438457489,0.6704999804496765,-0.42149999737739563,0.08089633285999298,0.033275917172431946
2023-05-01,11,0.3370545208454132,0.83160001039505,0.0,0.16483643651008606,0.0
2023-04-30,2,0.4990500211715698,0.636900007724762,0.3612000048160553,0.13785000145435333,0.0
2023-04-29,0,0.0,0.0,0.0,0.0,0.0
2023-04-28,8,0.07912499457597733,0.5763000249862671,-0.44040000438690186,0.20135939121246338,0.18800000846385956
2023-04-27,12,0.04935832694172859,0.6485999822616577,-0.8019999861717224,0.08106590807437897,0.0056999921798706055
2023-04-26,7,0.12715713679790497,0.29600000381469727,-0.20229999721050262,0.01626376435160637,0.0
2023-04-25,5,0.037699997425079346,0.7245000004768372,-0.45879998803138733,0.0,0.1907999962568283
2023-04-24,5,0.2697800099849701,0.5267000198364258,0.0,0.05951439589262009,0.0
2023-04-23,6,-0.08516666293144226,0.3612000048160553,-0.6485999822616577,0.08640845119953156,0.2278967648744583
2023-04-22,0,0.0,0.0,0.0,0.0,0.0
2023-04-21,3,-0.17019999027252197,0.0,-0.5105999708175659,0.0,0.0
2023-04-20,3,0.11976666003465652,0.28209999203681946,0.0,0.10244999825954437,0.0
2023-04-19,4,0.005224999040365219,0.22630000114440918,-0.10270000249147415,0.0,0.0
2023-04-18,11,0.28239092230796814,0.8956999778747559,-0.3612000048160553,0.2142879217863083,0.0
2023-04-17,11,0.05854544788599014,0.7002999782562256,-0.636900007724762,0.22083400189876556,0.18253697454929352
2023-04-16,0,0.0,0.0,0.0,0.0,0.0
2023-04-15,0,0.0,0.0,0.0,0.0,0.0
2023-04-14,3,0.17003333568572998,0.44040000438690186,-0.22630000114440918,0.0722000002861023,0.0
2023-04-13,9,-0.04019999876618385,0.5105999708175659,-0.7429999709129333,0.09957834333181381,0.15155653655529022
2023-04-12,10,0.22016000747680664,0.7350999712944031,-0.10270000249147415,0.23345427215099335,0.0
2023-04-11,16,0.21822500228881836,0.7698000073432922,0.0,0.22758625447750092,0.0
2023-04-10,5,0.3723199963569641,0.7717000246047974,0.0,0.21378196775913239,0.0
2023-04-09,0,0.0,0.0,0.0,0.0,0.0
2023-04-08,0,0.0,0.0,0.0,0.0,0.0
2023-04-07,1,0.45879998803138733,0.45879998803138733,0.45879998803138733,0.0,0.0
2023-04-06,12,-0.052941665053367615,0.44040000438690186,-0.5422999858856201,0.10485684126615524,0.08259880542755127
2023-04-05,8,0.03421249985694885,0.25,-0.22630000114440918,0.0,0.0
2023-04-04,7,-0.07785715162754059,0.6908000111579895,-0.5216000080108643,0.1754000037908554,0.17072701454162598
2023-04-03,5,0.2503400146961212,0.6808000206947327,0.0,0.05494999885559082,0.0
2023-04-02,3,-0.43496665358543396,-0.27320000529289246,-0.6704999804496765,0.0,0.1703779250383377
2023-04-01,3,0.24583333730697632,0.42010000348091125,-0.10270000249147415,0.0,0.0
2023-03-31,10,0.38032999634742737,0.862500011920929,-0.6248999834060669,0.18218262493610382,0.0
2023-03-30,8,-0.004775002598762512,0.7578999996185303,-0.5719000101089478,0.1772952377796173,0.0367695577442646
2023-03-29,7,0.05188572034239769,0.671500027179718,-0.5422999858856201,0.1868840605020523,0.07019999623298645
2023-03-28,8,0.05012499541044235,0.733299970626831,-0.6248999834060669,0.16625142097473145,0.06175398454070091
2023-03-27,12,-0.1222333312034607,0.44040000438690186,-0.3919000029563904,0.0,0.07266268134117126
2023-03-26,0,0.0,0.0,0.0,0.0,0.0
2023-03-25,1,0.0,0.0,0.0,0.0,0.0
2023-03-24,3,0.4160333573818207,0.9081000089645386,0.0,0.28405001759529114,0.0
2023-03-23,2,-0.13660000264644623,0.0,-0.27320000529289246,0.0,0.0
2023-03-22,4,0.17114999890327454,0.8126000165939331,-0.12800000607967377,0.0,0.0
2023-03-21,15,0.08392000198364258,0.871999979019165,-0.6808000206947327,0.2465631365776062,0.17832067608833313
2023-03-20,10,0.0005799978971481323,0.27320000529289246,-0.17790000140666962,0.00037712996709160507,0.02022726833820343
2023-03-19,3,0.6704333424568176,0.8047000169754028,0.4018999934196472,0.18988175690174103,0.0
2023-03-18,3,0.04266666993498802,0.12800000607967377,0.0,0.0,0.0
2023-03-17,7,0.27395716309547424,0.7429999709129333,0.0,0.10585695505142212,0.0
2023-03-16,2,0.09509999305009842,0.3181999921798706,-0.12800000607967377,0.0,0.0
2023-03-15,8,0.07131250202655792,0.5859000086784363,-0.49390000104904175,0.038070812821388245,0.19806726276874542
2023-03-14,5,-0.18073999881744385,0.0,-0.7505999803543091,0.0,0.29874998331069946
2023-03-13,4,-0.2183000147342682,0.3181999921798706,-0.6808000206947327,0.0,0.08510002493858337
2023-03-12,3,-0.06790000200271606,0.0,-0.10270000249147415,0.0,0.0008499994874000549
2023-03-11,2,-0.7312500476837158,-0.6908000111579895,-0.7717000246047974,0.0,0.04045000672340393
2023-03-10,7,-0.1712285727262497,0.4767000079154968,-0.862500011920929,0.0,0.26836058497428894
2023-03-09,11,-0.19688181579113007,0.5267000198364258,-0.8270999789237976,0.08275000751018524,0.22194397449493408
2023-03-08,8,0.007424995303153992,0.8360000252723694,-0.6704999804496765,0.23932980000972748,0.22168852388858795
2023-03-07,8,0.17112499475479126,0.5799000263214111,-0.49390000104904175,0.13288626074790955,0.22066445648670197
2023-03-06,8,-0.10386249423027039,0.599399983882904,-0.599399983882904,0.17753291130065918,0.08575937896966934
2023-03-05,1,-0.5719000101089478,-0.5719000101089478,-0.5719000101089478,0.0,0.0
2023-03-04,0,0.0,0.0,0.0,0.0,0.0
2023-03-03,6,-0.13601666688919067,0.5719000101089478,-0.599399983882904,0.13795000314712524,0.026917196810245514
2023-03-02,5,-0.24014000594615936,0.049800001084804535,-0.8806999921798706,0.0,0.34558942914009094
2023-03-01,7,0.1548856943845749,0.38179999589920044,-0.3400000035762787,0.10653907805681229,0.0
2023-02-28,6,0.04868333041667938,0.3181999921798706,-0.669700026512146,0.10940861701965332,0.0
2023-02-27,5,-0.1633400022983551,0.0,-0.4767000079154968,0.0,0.06835000216960907
2023-02-26,0,0.0,0.0,0.0,0.0,0.0
2023-02-25,0,0.0,0.0,0.0,0.0,0.0
2023-02-24,5,0.03734000399708748,0.5267000198364258,-0.3400000035762787,0.0,0.0
2023-02-23,7,0.10399999469518661,0.7505999803543091,-0.2280000001192093,0.30542299151420593,0.0
2023-02-22,3,-0.3027999997138977,0.0,-0.6123999953269958,0.0,0.1581999957561493
2023-02-21,13,0.1531461626291275,0.8360000252723694,-0.29600000381469727,0.15479086339473724,0.10572268068790436
2023-02-20,5,0.11402001231908798,0.9312999844551086,-0.3612000048160553,0.28505000472068787,0.0
2023-02-19,2,0.29600000381469727,0.29600000381469727,0.29600000381469727,0.0,0.0
2023-02-18,1,0.0,0.0,0.0,0.0,0.0
2023-02-17,8,-0.09213750064373016,0.7268999814987183,-0.45879998803138733,0.0,0.09279999136924744
2023-02-16,11,-0.1390909105539322,0.22630000114440918,-0.636900007724762,0.0,0.22481045126914978
2023-02-15,8,-0.016050003468990326,0.6596999764442444,-0.784500002861023,0.192164346575737,0.21486201882362366
2023-02-14,8,0.12508748471736908,0.5105999708175659,-0.49390000104904175,0.13414815068244934,0.0
2023-02-13,9,0.025555558502674103,0.7501000165939331,-0.4018999934196472,0.2554011642932892,0.13003511726856232
2023-02-12,0,0.0,0.0,0.0,0.0,0.0
2023-02-11,1,-0.38179999589920044,-0.38179999589920044,-0.38179999589920044,0.0,0.0
2023-02-10,4,-0.11695000529289246,0.8765000104904175,-0.8176000118255615,0.0,0.14544999599456787
2023-02-09,7,0.09711427986621857,0.599399983882904,-0.17790000140666962,0.1516999900341034,0.07010000199079514
2023-02-08,5,0.19707998633384705,0.8554999828338623,-0.6248999834060669,0.2349739819765091,0.0
2023-02-07,8,0.21313750743865967,0.8481000065803528,-0.29600000381469727,0.34586504101753235,0.09665000438690186
2023-02-06,11,-0.16077274084091187,0.44040000438690186,-0.8224999904632568,0.16885000467300415,0.2867540121078491
2023-02-05,0,0.0,0.0,0.0,0.0,0.0
2023-02-04,2,-0.2009499967098236,0.0,-0.4018999934196472,0.0,0.0
2023-02-03,11,0.055536363273859024,0.6589999794960022,-0.599399983882904,0.08769818395376205,0.07001055032014847
2023-02-02,11,0.08205454051494598,0.45879998803138733,-0.5267000198364258,0.025691505521535873,0.10523296147584915
2023-02-01,11,0.0674000009894371,0.6248999834060669,-0.5719000101089478,0.1559981256723404,0.07236272096633911
2023-01-31,9,-0.05687778443098068,0.45879998803138733,-0.44040000438690186,0.048799991607666016,0.11258503794670105
2023-01-30,12,0.19470833241939545,0.7782999873161316,-0.7964000105857849,0.16927887499332428,0.23331482708454132
2023-01-29,1,0.025800000876188278,0.025800000876188278,0.025800000876188278,0.0,0.0
2023-01-28,0,0.0,0.0,0.0,0.0,0.0
2023-01-27,3,-0.21619999408721924,0.0,-0.6485999822616577,0.0,0.0
2023-01-26,7,-0.15275713801383972,0.45879998803138733,-0.5105999708175659,0.0,0.16051463782787323
2023-01-25,7,-0.0738714262843132,0.4575999975204468,-0.5105999708175659,0.1156499981880188,0.11009719967842102
2023-01-24,17,-0.051370590925216675,0.5719000101089478,-0.7782999873161316,0.06298869103193283,0.22869057953357697
2023-01-23,4,-0.1823749989271164,0.41019999980926514,-0.7350999712944031,0.0,0.2511643171310425
2023-01-22,0,0.0,0.0,0.0,0.0,0.0
2023-01-21,1,0.5573999881744385,0.5573999881744385,0.5573999881744385,0.0,0.0
2023-01-20,11,0.08155455440282822,0.570900022983551,-0.45879998803138733,0.16667674481868744,0.14044998586177826
2023-01-19,7,0.30711430311203003,0.45879998803138733,0.0,0.11091111600399017,0.0
2023-01-18,1,0.6808000206947327,0.6808000206947327,0.6808000206947327,0.0,0.0
2023-01-17,16,0.3234812617301941,0.7964000105857849,-0.6808000206947327,0.1450454294681549,0.1921444833278656
2023-01-16,6,-0.10058331489562988,0.44040000438690186,-0.5573999881744385,0.0835999995470047,0.16739574074745178
2023-01-15,2,0.1137000024318695,0.49390000104904175,-0.26649999618530273,0.0,0.0
2023-01-14,1,0.0,0.0,0.0,0.0,0.0
2023-01-13,11,0.5001091361045837,0.8765000104904175,-0.27320000529289246,0.19253966212272644,0.0
2023-01-12,16,0.06210625544190407,0.636900007724762,-0.4767000079154968,0.09128260612487793,0.06194064021110535
2023-01-11,10,0.05000000074505806,0.6485999822616577,-0.5105999708175659,0.042992088943719864,0.1959158182144165
2023-01-10,8,0.17500001192092896,0.6248999834060669,-0.6596999764442444,0.03637395426630974,0.262572318315506
2023-01-09,4,-0.020999997854232788,0.40049999952316284,-0.38179999589920044,0.0,0.13955000042915344
2023-01-08,0,0.0,0.0,0.0,0.0,0.0
2023-01-07,1,-0.22630000114440918,-0.22630000114440918,-0.22630000114440918,0.0,0.0
2023-01-06,6,0.10771667212247849,0.6808000206947327,-0.42149999737739563,0.26742857694625854,0.0
2023-01-05,7,-0.055314283818006516,0.45879998803138733,-0.8073999881744385,0.13554999232292175,0.29054999351501465
2023-01-04,9,-0.038433339446783066,0.7785999774932861,-0.38179999589920044,0.21703463792800903,0.02212350443005562
2023-01-03,11,-0.18856364488601685,0.45879998803138733,-0.8019999861717224,0.07128889858722687,0.17125898599624634
2023-01-02,2,-0.29600000381469727,-0.29600000381469727,-0.29600000381469727,0.0,0.0
2023-01-01,0,0.0,0.0,0.0,0.0,0.0
