Date,Open,High,Low,Close,Volume,Marketcap,Vol/Cap,HL_spread,OH_spread
2024-04-30,0.05111409431483168,1.8954969928384944,0.030712914982792234,-0.005651247523361537,1.3847093964109434,0.5031968197761633,1.0564879390698527,0.09734691789995338,0.049349410249741495
2024-04-29,0.0950074761424429,1.4582067590890557,0.08710445738308831,0.04956385338594357,0.5989432624008432,0.5235971992704062,0.3383329857848381,0.010275100017901304,0.04416839247155745
2024-04-28,0.07141937981075257,0.9020948766909541,0.08062585508767124,0.08871123163647306,-0.2415675433372072,0.5525422433652603,-0.4257033980848923,-0.020862585809538738,-0.007535537958907223
2024-04-27,0.04777077390110847,1.8046769670168297,0.08181935572726218,0.0666770987469027,0.05679169106752365,0.5502041690126829,-0.15759080172784823,0.039162950624394656,-0.010851973113600295
2024-04-26,0.08094332139502343,1.5637599159580875,0.07871377620830494,0.09790047665734736,0.5578211666824338,0.5339496587505907,0.2975591765680721,0.025977873705404643,-0.006449713387934223
2024-04-25,0.2183545883270003,1.4094796232337283,0.07152419443151514,0.042526114179841874,0.9361678635915957,0.5280764634027357,0.6403232281893372,0.022828272545276307,0.15803169315323365
2024-04-24,0.042949290941726406,1.1650509074654818,0.07335417368210172,0.3751490606251094,0.9322548248531842,0.5387261694089451,0.6323400711113476,0.004380968926847009,-0.2593184075587568
2024-04-23,0.0733616707670061,0.643076767739008,0.08797633231400498,0.040274332562838695,0.3589737249078348,0.5753736285972322,0.10527977381903482,-0.04591915872486161,0.03251971317642416
2024-04-22,0.10465177194214988,1.0285148062132952,0.07007134486401005,0.07887682979995589,0.8655743625792659,0.602270401054358,0.546825646368378,-0.0015414112162933878,0.029426864479307507
2024-04-21,0.07587913518365015,0.7515368989931254,0.07560373654854696,0.04655705396395361,-0.020053073365490365,0.6268196868154792,-0.24647208622628852,-0.02596591159086769,0.029755530733823976
2024-04-20,0.19194249004673292,0.938928943430091,0.08537094932607366,0.08556360369829154,0.1763032865803479,0.6289848671076731,-0.07336708609961827,-0.023193468906085413,0.10076845767457675
2024-04-19,0.14763751010141424,0.7484118395733013,0.06482935790256053,0.1082310962503108,2.2700697489814856,0.6200511487530241,1.7838830748953338,-0.015210589450781714,0.043924373831577546
2024-04-18,0.046638380371948646,1.465039264101636,0.0480602196425741,0.16134409192378163,1.3797247007744102,0.4839138501309093,1.0615781916755047,0.05048224491181201,-0.08679898030919005
2024-04-17,0.09212495943740018,1.2919020505793752,0.03669099036639285,0.04421163244328915,1.4727871501901981,0.39806605419855406,1.1909193839970351,0.050307706125605915,0.04587535539944391
2024-04-16,0.1139336752147533,1.447116639418673,0.052221035436390936,0.04224445714729503,1.6550532722386562,0.4020823846880642,1.3566803012898485,0.04503085045276023,0.06657957810556858
2024-04-15,0.2521182678510698,1.0852193935137178,0.01975831361046475,0.15655665969065666,1.8668777269265735,0.37144124512517285,1.5701855538003682,0.05352019505645907,0.0973901421950017
2024-04-14,0.057833317222572775,1.5332205763615716,-0.009937469016386733,0.2560302554745598,2.259224782915432,0.3594747238091307,1.9416675294094263,0.11414484680372593,-0.15193853036381064
2024-04-13,0.0071143220205031514,2.8481048162728295,-0.02912350801796139,-0.0023959705622441587,2.621056328077089,0.3434758042341563,2.289380127152089,0.22288974101552905,0.008142951558423806
2024-04-12,0.26474548635873685,2.6742761740605423,0.0118736106307069,0.013357652892455624,2.095969831802313,0.2902305811294253,1.8353673615057826,0.16936400880161356,0.22185424308305574
2024-04-11,0.06753878754063113,1.2379037003017608,0.044671999349309016,0.2729739167583148,0.9099323417797059,0.3379974830787543,0.6985543681104298,0.03851994839087934,-0.15683291380613756
2024-04-10,0.037961572878218525,1.1923313627343557,0.04883083285830922,0.16251643402296398,1.045832399252911,0.32383737445882566,0.8318841140856283,0.03119453199338246,-0.09534488670390094
2024-04-09,0.23078764423310397,0.7025867216245844,0.06208521497867537,0.0362426554566728,1.1696544286829191,0.35023501963765585,0.9346424721240125,-0.015526541646607887,0.17392209359493171
2024-04-08,0.015688063749725464,1.11822210270868,0.04023878458600302,0.1969368404507741,1.2309715442963265,0.4044774980295621,0.9648708502264709,0.034912140879674286,-0.1421520985855005
2024-04-07,0.09598161385246963,-0.7147776587554658,0.038484297348183504,-0.016211911603771015,0.012292564050652747,0.45821981249125715,-0.17231457446560144,-0.08767142587920845,0.09710175652930576
2024-04-06,-0.024889260221276393,-0.6807638280352565,0.06427877829954592,0.08272417638742514,1.1952094986589745,0.45623819954978695,0.9071752042128839,-0.11162006424515689,-0.08734831413778615
2024-04-05,0.06714713763529474,0.08883595581057123,0.03131139980179309,-0.06487221926620027,3.2585563739716727,0.45513718888368004,2.7900504442679317,-0.025844676075613495,0.11031378969601487
2024-04-04,0.018422963682439703,-0.7643424394037245,-0.010586997668975716,0.0714888626083879,2.6305877885463755,0.47226488409621514,2.2050175180391345,-0.04108419893846264,-0.04042726580927469
2024-04-03,0.05174113312756416,-0.2692844538090313,0.032910773254049924,0.04033626761710701,1.805861221236589,0.45505989629119575,1.4648279577754544,-0.05177125253599787,0.013489178128850306
2024-04-02,0.08765057537531236,-0.11333630621542165,-0.026033291206204675,0.03873406674807165,2.794769787654621,0.4413308625398465,2.377170134808244,0.018809676734775824,0.04628399905509654
2024-04-01,0.03133610656912348,1.7242382845025102,0.0891017745088362,0.07684845677158389,1.557848435780498,0.41637924854939046,1.2593756888117913,0.026292312559122104,-0.03333379572227082
2024-03-31,0.038883180295358026,0.7772758895839548,0.08363793684026316,0.04059064373299514,0.31565983979670337,0.37136245656216876,0.1332712650293549,-0.03239761541743109,0.001999286082720239
2024-03-30,-0.02559010742021003,-0.5429266512912503,0.048042544269784736,0.010712141287317357,0.4286927901601086,0.37837692503684855,0.23546867473397565,-0.08574073768742024,-0.030947900549484417
2024-03-29,0.09526414314315293,-0.33682638039852514,0.038877780880855486,-0.04655566427880183,0.8788893660807257,0.369900834859871,0.6556517454090465,-0.062427871142841374,0.12049660582032813
2024-03-28,0.09622764180652268,0.5381976918869912,0.06602434525576395,0.0617090226055156,1.197038524480769,0.3674498479246849,0.9516470472073894,-0.030690061107397186,0.03562365363005083
2024-03-27,0.053604296174214236,0.5927115158830787,0.055819543108780345,0.09933530541534102,1.928939939590802,0.31848130664951674,1.6605129931400937,-0.016603704907079485,-0.03158771975909216
2024-03-26,-0.013240169066243118,-0.44435965025431573,-0.034431405948995394,0.08398647177983427,1.3332754041840036,0.3520095231383207,1.0858871448068033,0.004898195618894004,-0.07812055661461373
2024-03-25,0.10982567332215466,1.5192234823061033,-0.049487684951944805,-0.020752340941713156,1.2796810337666784,0.3440291882711263,1.040114504034952,0.15345373910045168,0.11285088302149061
2024-03-24,0.21817172971256527,1.347241128173307,0.09712094247414242,0.15110047633566462,0.22078811149204375,0.30530421444003175,0.06697727813671199,-0.007449834982505627,0.07190712382317117
2024-03-23,0.044801150001395736,0.44066907300471486,0.07908000332498664,0.1878699908943281,0.13438025258755842,0.30801110302438345,-0.014905345683488003,-0.05059689908437384,-0.10941390399436055
2024-03-22,0.11310515945586225,1.2645868999639283,0.01255469064967329,0.07870650840061569,1.5329519092269661,0.29966668272778957,1.300609763961209,0.07302297069894138,0.03698326945046729
2024-03-21,0.15130199673618688,2.834700021346693,0.08326807553477543,0.1211283339864074,1.743449572938412,0.2758501137385731,1.5125175131931732,0.10757559699731566,0.0369301457752331
2024-03-20,0.20406368889757506,2.2330579314449217,0.08438691011361234,0.17095434784944974,3.1986526015325376,0.2016751229793758,2.949372049322695,0.06561516123281336,0.04380178073482343
2024-03-19,0.0005460405872262108,2.1650203570486535,0.052178085932391254,0.11455658233179478,3.379569777072923,0.17331992510748032,3.14852723675667,0.09378451065107624,-0.09022107903758733
2024-03-18,0.17389999678786502,1.2790771635863831,0.013896697458814259,-0.027818835708581884,2.9051448749463336,0.1649419713677207,2.6994791837681618,0.07264009515350227,0.17469910031741645
2024-03-17,0.11464649134121294,1.6352918073897476,0.058952379043727854,0.15508865143932543,2.5915285175863185,0.1071476107070761,2.4433967292463223,0.050946672780251785,-0.022139294661645652
2024-03-16,0.054420178065181686,0.8965510559756567,-0.019375622517231805,0.12715962856001453,2.7518342284871116,0.11632710726179916,2.5918473705376934,0.08055386532064342,-0.05290140528905054
2024-03-15,-0.046046999331066506,3.760185996810146,-0.005740146144205927,0.06865459655198247,4.581238031833265,0.08729747344349631,4.40421069448581,0.2609724899318063,-0.09478387734222507
2024-03-14,-0.12032283866532699,-0.5130266973646258,-0.05746142555726723,-0.008488462868065457,2.980592272348916,0.0672211283050736,2.857485515373558,0.023681629327478023,-0.09891526470175004
2024-03-13,0.0519419451332513,0.2027878647604013,-0.026762111250762038,-0.1284942664747342,1.9439132191158852,0.09501157869831084,1.8211120943524262,0.041000652353033434,0.14733748868254185
2024-03-12,0.036389653733839795,-0.40455913139389665,-0.10928991353990496,0.00813372599099023,2.801052581008861,0.022785930731214207,2.7196692528018036,0.08379796628599255,0.02550797182071932
2024-03-11,0.05070715077998127,-0.6645933183490146,-0.03899859012666394,0.009797861914293911,2.6541611679559436,0.03792158496125204,2.5615619730938377,-0.005395725336894944,0.03676026676978466
2024-03-10,0.08817787312559887,-0.7868175891889871,-0.021950114900366812,0.03808596064421215,0.9160449603954146,-0.010474354822394377,0.870700173946157,-0.03104250166218191,0.04726007361566426
2024-03-09,-0.05505893679463869,-0.7011944306185384,-0.020224205601754783,0.0706409422222033,0.2985229166150827,-0.033236340365955776,0.264324198061067,-0.026989771580387387,-0.1042684965919855
2024-03-08,0.04180625836590962,-0.43392130745001156,-0.2076733511773535,-0.0339658898479662,2.1581026780979906,-0.0437644179675891,2.133539027239026,0.18195131560026395,0.06359589564209304
2024-03-07,-0.0648082931800463,-0.31875010489604516,-0.15600146369387258,-0.17377321510118324,2.0417179286083242,-0.154635170798249,2.1009698507604955,0.13716832871337845,0.08068770843170926
2024-03-06,-0.05367386590730212,2.3414561067230544,9.305725865070066e-05,-0.10528263023135677,2.8718031301651417,-0.16959741917969215,2.966565127294415,0.15877364094790478,0.036235451560487526
2024-03-05,0.045781937115619974,-0.09534924731833713,-0.09469451575280616,0.040227143949980976,4.764575823296689,-0.23015545881160532,4.99672946416893,0.0899211164780091,0.00834377072641045
2024-03-04,-0.01731891358046128,-0.05128367908240317,0.0394571036134545,-0.006042028223116278,2.088186746113188,-0.22197386628967733,2.2022884538501843,-0.04364342853951199,-0.010421145945122058
2024-03-03,-0.05627178811419718,-0.36203254959731984,0.03680414579034582,-0.03935940082663577,0.35222714023197643,-0.201671562716588,0.38831248136618074,-0.06202733993983445,-0.018240250409344898
2024-03-02,0.020106592816790392,-0.9524531731601277,0.007875672571232298,-0.10975522593835176,0.35395215321426476,-0.19922365187497407,0.38904226595116886,-0.07264091237205189,0.10455133037349224
2024-03-01,-0.05148288723518363,-0.8139419153985564,0.03170405738245202,-0.0010481458090969191,0.9974914271685033,-0.20392859214542658,1.0577887388972318,-0.08749806413682527,-0.04436892575719341
2024-02-29,0.055917623882961655,-0.6524449906117245,-0.04021703451665632,-0.13981142300407504,2.1286225607220497,-0.279605578209331,2.291967573799684,-0.0033311904458248626,0.15978827709622298
2024-02-28,0.0331420847401031,-0.9010123655642797,-0.17772895699859237,0.006386272673192776,2.603538926054438,-0.2610871361667471,2.774413655085008,0.11977834675930332,0.024040357319995657
2024-02-27,0.0558684182922101,-0.6303638808327539,-0.03981017056158211,-0.016808405162447842,1.2855241707805949,-0.2822892502498525,1.4064368224781136,-0.0022471330714559667,0.062357121588591885
2024-02-26,0.05067456869953895,-0.6385916344204737,0.0031637816032150344,0.0045761469790728485,0.7525343362643455,-0.2929051448748503,0.8508868416191075,-0.0465490453270419,0.04086596795661193
2024-02-25,0.07861868969914762,-0.05587585600975073,0.06086297120948168,-0.0504538860893996,-0.434599042553824,-0.33918526787313125,-0.38913105920049634,-0.0657442762296667,0.10896935206861506
2024-02-24,0.03028816047282178,-0.5789652033006412,0.08134079913862222,0.1328650267765156,-0.5789755967784641,-0.3451442084492303,-0.5415165982908073,-0.12208062097850926,-0.07860509123502551
2024-02-23,0.1084552311239345,-0.15846008251771254,0.08831943277468826,0.05566740552282281,0.10578788710705542,-0.3564566146438742,0.1937029594185127,-0.10065287421431313,0.05114218834510955
2024-02-22,0.1421903182100949,-0.5819539595734098,0.04802007837538575,0.05735587307465044,0.7681050001172204,-0.37237573901050924,0.9109695941793545,-0.08836588174333716,0.07942266442874625
2024-02-21,-0.005958406566108936,-0.8549567713851871,0.022558951651110423,0.06495618902387353,0.5972897974949664,-0.35684613140447574,0.7196072524180185,-0.0809720286541373,-0.05666034314523679
2024-02-20,-0.102999145996571,-0.7746097837149502,0.030848040729940032,-0.009289931963610217,1.024898741356941,-0.37575312949418643,1.1886509826754554,-0.08395802072086363,-0.08307156639211173
2024-02-19,0.06980490447974598,-0.977530473929029,0.054647517221161734,-0.04953665742807767,0.25646703705060225,-0.36125492986043695,0.3569735561818714,-0.12195198690195709,0.10050517440507357
2024-02-18,0.052175339219380765,-0.6859160869840498,0.04028024737639022,0.08011848017435744,-0.29153782961073393,-0.3574774165472634,-0.23095024072776876,-0.08754127846062223,-0.01762728492576874
2024-02-17,0.046934943797696124,-0.5880925576567263,0.049755568717217036,0.08944118049071802,-0.32136865397449155,-0.3501087524097447,-0.2651250607340625,-0.09054896176374848,-0.02960930068855967
2024-02-16,-0.006291541714684363,-0.8840166022796431,0.019232182186629088,0.048294184772665415,0.3343997621093041,-0.35155786036222925,0.4359901950419826,-0.0795573901105545,-0.04376063048675842
2024-02-15,0.052142092198614653,-0.8319165831011044,0.00955235513067756,0.0155091587073101,1.0185539914061055,-0.3517290489089341,1.1670953005045759,-0.06616918905502385,0.03349812284372449
2024-02-14,0.178420926679114,0.04016334121406599,0.056427113399777955,0.06533812185873279,0.7156714226303322,-0.36793008442742076,0.8522694987945248,-0.054712685085989414,0.1049109367904821
2024-02-13,0.018877782927246452,0.28215842625196436,0.0693172506882607,0.1127213876871786,0.7675988746787235,-0.39880746831192676,0.9252709928880904,-0.051414271954980356,-0.07267392046025871
2024-02-12,0.0013466288486058144,0.492382486894674,0.10247294624194303,0.021777870989068575,0.7368811692343434,-0.4027807765734994,0.8943352562639572,-0.07090006453631709,-0.016060428394256032
2024-02-11,0.0558684182922101,-0.09896251982722304,0.07699397895448307,-0.0007200374857465125,-0.21640150335333325,-0.3818543661357072,-0.14245185970285437,-0.08508764650667532,0.04961911506261352
2024-02-10,0.05648947264114267,-0.46693145136158565,0.1051453965322441,0.052021347861950694,-0.3339548941931251,-0.37698926767043284,-0.27036271120887323,-0.13871006446437986,0.008406234828056598
2024-02-09,0.04096577367956639,-0.3833875353396909,0.03882558071446377,-0.01329506547500783,1.2126727406492157,-0.38395492030028416,1.395750899914499,-0.0655339216809803,0.04649182354282733
2024-02-08,-0.04176345316855411,-0.8443028217848316,0.03788862076597565,0.07743462782125693,0.5558571366695534,-0.4165000749496876,0.7058995693691061,-0.09585339389216468,-0.0979748005169265
2024-02-07,0.1513857792286474,0.3536729700106131,0.09043089646677911,0.10999108404343824,0.3720137751579429,-0.46180894998423055,0.5285421935495829,-0.06805380438804325,0.045821647947380736
2024-02-06,0.11238502898495514,0.6057173143255489,0.11505549900573482,0.20439927717185852,-0.09412756630266134,-0.48337108184493544,0.02668344813138135,-0.07601818744018599,-0.06316653392110294
2024-02-05,0.15944884671811388,0.7645476539135202,0.10779505054737397,0.08350278849855428,-0.061209411596665195,-0.5311803007837465,0.08156183931692855,-0.057851020255121226,0.07387269980735482
2024-02-04,0.16241448097529335,-0.14425729462314268,0.12932448056254972,0.13549726658418787,-0.6953731681669315,-0.5191610582412981,-0.6257537484908412,-0.14142869943088424,0.03530958179198127
2024-02-03,0.13588734800291832,-0.29008183576864377,0.11866408329252931,0.14893274943504564,-0.7784237813292869,-0.5254175418889004,-0.7163970994611832,-0.14047159464182524,0.0013828179392071924
2024-02-02,0.2687856643288604,0.3606392999310115,0.12308177015823951,0.1467790316540287,-0.02874885916867482,-0.5359948094956267,0.11956244384745464,-0.1008168196059636,0.11976454989993475
2024-02-01,0.16169169074264816,0.8400868578609085,0.10692003699885541,0.29512307189160814,0.2557953384235663,-0.5729844256731893,0.4536476825666203,-0.05183498105231583,-0.09170912572110336
2024-01-31,0.09386178380496188,0.4433158322913265,0.10455913580284189,0.16977979378402305,0.9317169023358884,-0.5586071368006054,1.2021435868934645,-0.07635280418830667,-0.052018734992731984
2024-01-30,0.1647391126710215,-0.4854017668703576,0.10030763047947107,0.08323071665295706,0.34011893085590944,-0.6018511453850448,0.5627942706656377,-0.13503886473510532,0.07873264042727147
2024-01-29,0.1261419812601178,0.21434141512967234,0.12975232369841044,0.17123084362753563,0.08642716967428027,-0.6491599771044545,0.29780689687369,-0.11753319618673548,-0.024827586139745922
2024-01-28,0.14115035139885976,-0.6313303940555784,0.09134952028087844,0.13206134571472652,-0.08276239620803234,-0.6808503170330668,0.11796244818124238,-0.1358215988870731,0.019361387461713408
2024-01-27,0.1323970757571904,0.1114127133963161,0.12527054295751877,0.10649027883124634,-0.6492742352451535,-0.6855835625610539,-0.5315504138256918,-0.11995487980790062,0.03192250966243437
2024-01-26,0.13685749607055941,1.1418595466000194,0.12224954092332536,0.1477250158762814,0.2890014757017243,-0.6942644157983611,0.5519502625563494,-0.046963701056110536,0.0031907742275270818
2024-01-25,0.09290160984365396,0.6290623260110785,0.12026048331759787,0.2521357202743147,0.048399634743259125,-0.7165881498716036,0.284897574653445,-0.07973243334410528,-0.11806722529293855
2024-01-24,0.16256076786690044,0.5958093146734916,0.11503303311133584,0.17392723045596611,0.2488699556179463,-0.7353987237431561,0.5267592106545869,-0.07666757934029125,0.005010989825496458
2024-01-23,0.018660347411102438,1.4955761254589146,0.09835342804813647,0.105775076418412,0.7659143540489194,-0.7601762157503177,1.1445422625630242,0.001360169992348406,-0.06736505559548003
2024-01-22,0.06240877222790177,0.9281436471606047,0.10552252621532557,0.056471086584611904,0.8748345086229701,-0.7646728681092393,1.2750902665205337,-0.0444377649807621,0.010079922486542612
2024-01-21,0.11841936326382187,0.8381662226108966,0.11167619899407122,0.05598297937084323,-0.8625720667588618,-0.7425394233636224,-0.7645521150745959,-0.056806646072968515,0.05964022505455639
2024-01-20,0.2095394732266558,2.5874956778619413,0.10412319833739271,0.07866816765281716,-0.7039560627533573,-0.7503498824300937,-0.5776938065504408,0.06957406410580932,0.12167700220875458
2024-01-19,0.30810425609161407,0.5514860095788715,0.09037324501719667,0.1825826542944042,0.3942946729795217,-0.7950525258048271,0.729537610040993,-0.05457345761491895,0.125936236654939
2024-01-18,0.17054603732755869,1.6158871957660372,0.09110867267774835,0.20181938723142306,0.49598839137057843,-0.7677812921792472,0.833239991763181,0.016897821244378355,-0.010062123304637112
2024-01-17,0.17182205798666136,0.930037021781756,0.10909014328293701,0.16241394625457095,0.22081455350675752,-0.7607599714756378,0.5071118546306325,-0.047940815590383185,0.022257503427674095
2024-01-16,0.19350709484666417,0.8692805136626321,0.11660795838441372,0.1935635919576352,0.23130239537717123,-0.799475106165799,0.5396193380852891,-0.05971562584290829,0.016632815394727787
2024-01-15,0.15188514948134865,0.6664193011858505,0.1155337252135659,0.4267151545850802,0.10333288276059534,-0.792152580749711,0.38492703107305226,-0.07238633460487917,-0.20450703401459894
2024-01-14,0.17332149862556032,-0.028139404758600658,0.12223715164333146,0.18284882756356816,-0.283682320023644,-0.7908821433757791,-0.07173230213594484,-0.12633580260032887,0.007394549891679875
2024-01-13,0.36570937424602207,-0.06124372175404513,0.09957170724771523,0.15217475459894259,0.015074899997337963,-0.791672070123822,0.28067406131571476,-0.10551053413185739,0.20058550835512387
2024-01-12,0.17959587639482785,0.5454068892323019,0.056878578762822915,0.2593592646433032,1.6072212021866787,-0.8088598437068885,2.172735253472948,-0.020891339308988188,-0.047674269155570895
2024-01-11,-0.024416487585217556,-0.34521521952347417,0.03810848918830089,0.21648029937099977,1.8144800917400556,-0.8305933858947775,2.4391813049212865,-0.06221398546264887,-0.19283500365337095
2024-01-10,0.06904487758380143,0.31957487916348326,0.04650792545429047,-0.09474408581322691,2.0080356952342737,-0.8318228047762743,2.670668161128661,-0.025657694254550615,0.1356310154990332
2024-01-09,0.06509579645073349,0.34981930831550223,0.04395821163114329,0.035927818930624675,1.0750055488632158,-0.8340182583553509,1.562298803168844,-0.021010220736559206,0.02870414898526126
2024-01-08,0.07375731031487577,0.6858040868973119,0.05434554917007512,-0.06531387518916539,0.9853472518888718,-0.8169760666420718,1.442871344098104,-0.008786956781957202,0.11646679559819521
2024-01-07,0.04385028520594958,0.01050129823497922,0.08566878761716842,0.02700179789053397,-0.4379682150614967,-0.8080162425625184,-0.24767252040224264,-0.08649068276101314,0.017119101345043203
2024-01-06,0.08446617572119368,-0.2106964048433067,0.10416730417417765,0.12477291700317121,-0.49252769541268054,-0.8054871210066182,-0.31305098641188667,-0.12032884345000772,-0.0246331885149337
2024-01-05,-0.03447171656216057,0.40271732046247416,0.086578325959271,0.0795677005842663,0.7113659264298454,-0.8139211310617006,1.1160109139494303,-0.060804559541739765,-0.09326197161293331
2024-01-04,-0.007183226813119603,0.18282812759372002,0.11700259824988929,0.02649673226919223,0.6561643984278751,-0.8502132965809963,1.0743857559830012,-0.10669329503945008,-0.027285285840784865
2024-01-03,0.10845722594520113,0.8534866963091204,-0.22019726134915454,0.17618343600537612,1.7811012452409856,-0.8864822810949816,2.4544584377706453,0.28205048652711195,-0.04427493771637451
2024-01-02,0.06530259292022053,0.44442112689989377,0.05584068747996213,0.16187422649570146,0.8903590997560583,-0.9084411693486097,1.3971665589965228,-0.026686766866800014,-0.07083268890279763
2024-01-01,0.11204524443210838,0.484434774317677,0.11497918104095471,0.13828434402781745,-0.37905074965508884,-0.9483698673761568,-0.12573874862822976,-0.08416955231339161,-0.01111817526653543
2023-12-31,0.13884034839232182,1.6011515864794328,0.11358546963662618,0.09308281421926519,-0.39712520529916484,-0.9529244662973287,-0.1461216435341556,-0.006981371535159073,0.04819470003401274
2023-12-30,0.30257328170783426,1.4281952844060997,0.11716316331862435,0.28519134354132264,-0.3888352324320946,-0.9279456554488312,-0.14547116535293417,-0.02235827222881486,0.03983968860398274
2023-12-29,0.4874918816307959,1.4686401454154352,0.12793754196461077,0.2943201281519551,0.7344357481423436,-0.91050472891994,1.2096865307267723,-0.030581436776096,0.19495906899233875
2023-12-28,0.1514290003557467,0.9937872426515729,0.08883647872650884,0.5953952749736164,0.8166099550355533,-0.8902539578768253,1.2946568401935996,-0.022998920374665666,-0.3384604243654898
2023-12-27,0.2725159800648415,0.6660103917452341,0.1219855666642152,0.012871757645013148,0.6210556512972011,-0.9030758164304795,1.067270577017649,-0.07898147937576702,0.22906096584027216
2023-12-26,0.22498138451689056,0.17496715338288102,0.09284300668677604,0.3051167352964076,0.43562734995914965,-0.9167236817114436,0.8512798897911978,-0.08263435085099553,-0.04405718902566203
2023-12-25,0.25593768560298746,0.06244518835421341,0.1072979926339316,0.334636161891478,-0.058396049966481726,-0.8621805821428474,0.2260281195828054,-0.10498288219440699,-0.04025154903728638
2023-12-24,0.08264024933769533,0.27207942810737895,0.09477606474692885,0.2694273975774553,-0.08204882408402857,-0.8540977548552485,0.19402220677513138,-0.07801294044657794,-0.14076679659245117
2023-12-23,0.19029210793322215,0.19398268147822414,0.12011544614644026,0.2247043897957221,-0.3903372202630947,-0.8598402184055336,-0.17260662102301347,-0.10910505786259385,-0.010845551570490684
2023-12-22,0.03691229690112161,1.1346776098841198,0.11507317437852418,0.19276802143868743,0.5495070509663371,-0.8692669789051445,0.9590040952436231,-0.04014609499994662,-0.12021785847545764
2023-12-21,0.025138861888192775,0.23699251988593809,0.09201457683104487,0.02865266201645351,0.3837072395770202,-0.9013851327078806,0.7790391067245271,-0.07758264684941354,-0.0006154495372886722
2023-12-20,0.1512089050778646,1.6262635825949072,0.0949919685996575,0.061330039058872965,0.3387853525306155,-0.8928734247200274,0.7197326749329951,0.013649012103644201,0.08419387099787896
2023-12-19,0.049118608125145666,0.8814957538532809,0.09077449249866655,0.23131964345259423,0.2236944993900921,-0.913151159609191,0.5919887697920196,-0.03259065060679813,-0.1400248164690113
2023-12-18,0.19021563978535677,0.9097253746719678,0.1139967937324828,0.06436264475349518,0.3897594096971915,-0.9347703571127063,0.8065406221247946,-0.05431349907593897,0.11603830353619034
2023-12-17,-0.0355216574797289,1.2020782768491838,0.10364976265115293,0.44402526494014777,-0.16994639644329324,-0.9357230165866383,0.12445239363315619,-0.02394492732178702,-0.382743969784597
2023-12-16,0.16202150118916175,0.5714036166823677,0.11488436175139054,0.02179261743056103,-0.25318268377502323,-0.9289580529952045,0.020095404866906367,-0.0781721776628994,0.12499051848021012
2023-12-15,0.08118668958733843,0.656067696747154,0.11550184346637961,0.1670236838674867,0.32550380548403013,-0.9567144804524569,0.7412114018401149,-0.0730562406975801,-0.06096452839338291
2023-12-14,0.1305485413995829,1.0194865814179044,0.11582264322307752,0.024874623704121582,0.5985022088229492,-0.9619362131600359,1.079433467957686,-0.048724726786192565,0.09491901563104417
2023-12-13,0.2253584057330367,1.268378605683605,0.10931447184606298,0.04382969960842988,0.6987529209042627,-1.003855633221621,1.2325577440498237,-0.02521260353482759,0.16314849549973828
2023-12-12,0.1511889568653459,1.0268271254317956,0.10530447488740335,0.2664279713763344,0.5895230266197564,-1.0293204462354808,1.1148100790748732,-0.037520110198417896,-0.07821045821886119
2023-12-11,0.11185307665181157,5.913017374842871,0.09027875610844138,0.1007428532565941,1.5383507729727282,-1.0112066637156,2.2810220571242468,0.30930392769064075,0.01843668524641143
2023-12-10,0.08614448533214206,0.011160509817669789,0.11294965178722997,0.06267712648988419,-0.4071679631674667,-0.9479426140718917,-0.16029932599526028,-0.11421544590691633,0.026004765750780593
2023-12-09,-0.005559442316251255,0.18554427757292788,0.11481167797541646,0.1852576587825274,0.023209527369055315,-0.9456527381661795,0.3650332854825606,-0.10427884183043068,-0.15155907554053336
2023-12-08,0.059848751624777506,-0.05981377783233239,0.10906619067494389,-0.013779486078341993,0.5733413307861172,-0.9618006665635785,1.0484576565009418,-0.11507805089075453,0.06345345413924593
2023-12-07,0.03362616136321651,0.06515142537812217,0.10212852425806089,0.039730188871480554,0.6471799730969574,-0.9884665006671415,1.1577303052526213,-0.09953720480542959,-0.0019347847687549672
2023-12-06,0.057015440510486334,0.09287300719439769,0.1042788076941412,0.06433905044694353,0.5178054460150363,-0.9982821278406578,1.0044275060552998,-0.09984508584353555,-0.0008845705733965276
2023-12-05,0.03033271148071628,-0.3409179530411738,0.03491007266457777,0.25119858391703936,0.7787778009087002,-0.9932130434687214,1.3238498413242576,-0.05866671163454147,-0.17225687670374284
2023-12-04,-0.016856115050661806,-0.26472449398901954,-0.01668566204453665,-0.016676424511069893,0.9590196718977027,-0.9777324704705742,1.5344572867598918,-0.0009771027707508875,-0.0015950267577932858
2023-12-03,0.025823085576669538,-1.0222750796593523,-0.041522699437810257,-0.034718695686544926,-0.44580939607922415,-0.9533639103196734,-0.2055891195071694,-0.027095201078412262,0.05015969224143221
2023-12-02,-0.11670755762130591,-1.1560082925661732,0.02858030691950127,0.007198801599877344,-0.37610831324229643,-0.9468137220959691,-0.122738819855758,-0.10752765097114617,-0.10816170307781119
2023-12-01,0.11031307464740374,-0.9269942235800211,0.05775243597853788,-0.10811026038894735,0.13106344412379303,-0.9442500589428574,0.49614784407884205,-0.1216836209070271,0.18244464892361273
2023-11-30,0.06317079394511296,-0.7273497653671462,0.10650194009659088,0.04648110979032886,-0.25884811019423093,-0.9583983991160804,0.025549960330780466,-0.1577603508258785,0.01865852037376016
2023-11-29,-0.048865681756241265,-0.8760118902051366,0.029133529568913602,0.07148075206554658,0.04554155543120942,-0.9583628391391166,0.39884429067194654,-0.08909295853672589,-0.09949612246958371
2023-11-28,0.12356467220606525,-0.11915521146351742,0.04660390107665823,-0.02188634229309699,0.09548761624453019,-0.9508104477275354,0.45611520800576805,-0.05552333199181352,0.12581072467494733
2023-11-27,-0.04466458820532035,-0.17046219415154745,0.05287353751616819,0.040820688220359315,0.06384867240940882,-0.9711556763005365,0.4279569744110493,-0.06538645490303739,-0.07153263710738372
2023-11-26,-0.03401423755568957,-1.4316132553621397,0.013052078943906205,-0.05576850360606407,-0.6069650554989862,-0.9312237769564254,-0.40999215147885437,-0.11042116102206774,0.014292454800667253
2023-11-25,-0.24724733029013468,-1.0683058914477208,0.041282292342449796,-0.041412842805585874,-0.8792165514936154,-0.9221273627554835,-0.7438189320751285,-0.1145065120330476,-0.18427917305548394
2023-11-24,0.0621946614138196,-0.32287637288471677,0.047340319879618224,-0.22969245859210102,0.14050195592965642,-0.9236832646303378,0.4966694279370568,-0.07009547099879714,0.23646266999900015
2023-11-23,0.05156292909583852,-0.9367113988262007,0.1004292106138397,0.009603208886511628,-0.2761433793378583,-0.965629371270464,0.00736240187098482,-0.16578409051727733,0.037665704355498555
2023-11-22,0.056173625943347905,-0.016214118534524088,0.06971899374091639,0.028750725852439738,0.41655453534835,-0.9714332262725311,0.8620489367061732,-0.0720678601722736,0.02655351580280697
2023-11-21,-0.07064314533409492,-0.6236998960745648,0.06903626181794226,0.07557215225973646,0.7392990775849116,-0.9666536708682612,1.2556702096957313,-0.11259095726199181,-0.12185476820493038
2023-11-20,0.06651012471637673,-0.8278497928486294,0.0664102300300333,0.018782131398300286,0.3706694445048285,-0.9529687451136813,0.7942976247901151,-0.12376951073624866,0.043520984165635816
2023-11-19,0.09801633152672165,-0.7847804767041685,0.10710141605800005,0.02432605608035663,-0.46545869295887454,-0.966919529002529,-0.22476189482691084,-0.16226725167980563,0.06679207280657017
2023-11-18,0.12884030946993028,-0.7207749972138022,0.10813914215044722,0.0958035326760559,-0.41197627749827226,-0.9703826248174328,-0.15772135625964773,-0.15898077713627135,0.037261147136417365
2023-11-17,0.06016592820336748,-0.3183833255191643,0.09335146273780401,0.1822339009528825,0.34951539786283514,-0.9861296264101436,0.7885392950771621,-0.11662586353710362,-0.0914621881977563
2023-11-16,0.1078062492775643,-0.5190537746916107,0.08288268633171023,0.006106090284754247,0.6824302532052764,-1.0111717687448052,1.2175898627958617,-0.11958511989379654,0.08981272126428538
2023-11-15,0.09798175462501268,-0.3801559116414599,0.10836082766717549,0.06374919278708156,0.6367012731727978,-1.018319001250427,1.1658472162966618,-0.13609534565386636,0.03554834644205584
2023-11-14,0.22113337432721145,-0.18033302021779396,0.07614192687156766,0.06031548388370082,0.43558959450431756,-1.0583648540199255,0.9417896732470948,-0.08974134154206712,0.14638651651797244
2023-11-13,-0.10201702900155156,0.5694557208029446,0.03197496963836539,0.014802066837398918,0.43100007820729747,-1.036427464391494,0.9216097063997221,0.006090036578952283,-0.10128423035174579
2023-11-12,-0.15817324198868116,-0.6297071474893008,0.009358421601143736,-0.2524712867774088,-0.47036670217514853,-1.0032440364187718,-0.21756637518570904,-0.05225182271993408,0.06102844593071363
2023-11-11,-0.06230146781020686,-1.1048227435903242,0.05221393224919247,-0.17242391570392768,-0.22330416558118812,-1.0050970165145858,0.08960636994951013,-0.12811162545293217,0.08182023513474204
2023-11-10,-0.012379071226983568,-0.47487916393858265,0.0636259458389598,-0.2959651786602342,0.4010945518797125,-1.0236756958452327,0.8760352492091132,-0.0969862145112527,0.2234631315332926
2023-11-09,0.08269277963050874,-0.5403889345217329,0.015111838040809483,0.009283948428056694,1.1150280629590463,-1.009752135635951,1.7538372156073043,-0.05204802598691519,0.06524856734115216
2023-11-08,0.06313555210308022,-0.41776566719754366,0.11648175291884907,0.06663802067696815,-0.42754165208990635,-0.9978537891028297,-0.16651248631861057,-0.14691355556469582,0.0026682941247681224
2023-11-07,0.009716233869931496,0.561022273375573,0.10746169632026853,0.06254588316064226,-0.12438172146410284,-0.9730700998148359,0.19727783014869446,-0.07132094178280478,-0.04099061027761836
2023-11-06,0.10891071530921267,-0.3426304162122966,0.10896773719657367,0.030171545490995103,-0.34851528947969285,-0.9626306044881833,-0.08274361108765409,-0.134167011549724,0.07172848816794533
2023-11-05,0.2220855690034528,0.440153599286242,0.08464493751832763,0.0394057671584828,-0.4857637606009808,-0.9406690411227717,-0.25900983062553723,-0.05629648164397105,0.16377780672947057
2023-11-04,0.16261329815971384,0.27156395438835573,0.13182694993131008,0.17094623730660843,-0.8736104391861279,-0.948739615332247,-0.7307154047404908,-0.11576241780770963,0.007417317181140029
2023-11-03,0.1538686667435825,0.15958472370812243,0.10589189194960916,0.2250332354410448,-0.2724066593209474,-0.9540233944397055,0.007092081098285283,-0.09696065584509822,-0.043083449571502855
2023-11-02,0.16697198258937027,0.12995489783692174,0.10268587666748341,0.12996440173343507,0.01728724956030947,-0.9600649557040981,0.36505277401064057,-0.09570760860544539,0.043691446947718794
2023-11-01,0.11547035251709929,-0.33103473577984044,0.08206102928238698,0.21360474327841544,0.03610563353947083,-0.9116791407106192,0.36369722397983956,-0.10599160876317562,-0.06774626174866097
2023-10-31,0.18048357185080363,-0.3193746211321625,0.10178938836697418,-0.0023731135779103863,-0.41646861694149373,-0.9125696453251326,-0.18478023085895748,-0.12528218021661436,0.16033235693504339
2023-10-30,0.016192753525755197,-0.27940558201735216,0.09266988714763345,0.16547383286593376,-0.2701894829047665,-0.8833077146430591,-0.019273904759150903,-0.11328743091561125,-0.11679809485359853
2023-10-29,0.07416957337305466,-0.26024383781855387,0.11480308807462386,0.05798997005907164,-0.7638712119320857,-0.865607220968433,-0.6184820101643556,-0.1345169298677293,0.019202600212710183
2023-10-28,0.06960941199723968,0.04665632747862634,0.07270134122151559,0.08306186989772518,-0.7907249353737835,-0.8732562939171714,-0.648755775250447,-0.07083784936207049,-0.004651681302725644
2023-10-27,0.05231763646845459,0.5183123018908309,0.11030990919612825,0.04158012995767104,-0.2133843109754661,-0.8767417749762855,0.046384381098150816,-0.07711805083182154,0.013010481274848775
2023-10-26,0.15092963010304544,-0.14595241012125404,0.11060180063282812,0.05576178274837453,0.10142522933463259,-0.8592694141237768,0.41607576859451467,-0.12248569220774898,0.08835736607327603
2023-10-25,0.0461523089275686,0.5056138050884946,0.11008310277699981,0.18651553024261158,0.22350283644663116,-0.8445285058457788,0.5543281334206976,-0.0777487781796323,-0.10715527213146943
2023-10-24,0.03326443377673203,-0.24562222752696813,0.06135540379172803,0.03759564146428101,1.2143486965381507,-0.8579220549649346,1.747706125645843,-0.07911986610122569,-0.000562325862054479
2023-10-23,0.24877029285441568,0.01538095088966153,0.029527508672789738,0.10727773880735281,0.820977406044515,-0.7954151632071815,1.2330574133912051,-0.02901277363890278,0.13346753923010043
2023-10-22,-0.0004932612836113383,-0.17976550347973633,0.09497528436925812,-0.018431988371626806,-0.9080421240427011,-0.779181924257867,-0.8099051079073791,-0.10887351652483354,0.014160521277501179
2023-10-21,0.058335347237012086,-0.9149227212530398,0.11008971039299412,0.0043637982214996185,-0.9474798564859345,-0.7787755704529985,-0.8563302626055942,-0.17413925212348316,0.047759786428898256
2023-10-20,0.05651474037684223,-0.09178306135056101,0.08197711255922258,0.08899657527953626,-0.43439370191696125,-0.7827085297544373,-0.2521096427339858,-0.08967290485040148,-0.020846813156340568
2023-10-19,0.18705584292661387,-0.08126541489671076,0.11747405165133079,0.033176132946658866,-0.724749012352982,-0.7965583073029632,-0.5899730939715392,-0.12509200356229383,0.1379561979001419
2023-10-18,0.0845067370865549,-0.2750166206909691,0.12222773579052582,0.07033937749345745,-0.7263009928221228,-0.8114581158462918,-0.5878884448758515,-0.14307689710168073,0.01850031690145629
2023-10-17,0.19588425683520574,-0.6268745202752863,0.11029718953532544,0.05920139022835226,-0.6574966886719094,-0.8178067041055581,-0.5046223730680568,-0.15480630709187795,0.12510143604381968
2023-10-16,0.20337880026855307,0.5981140769739464,0.11089864778153291,0.19467104971425075,0.008771042580415273,-0.8291680998144004,0.2908008149893493,-0.07230276449244379,0.02442273102631605
2023-10-15,0.08055300137048226,0.22715638916626485,0.12500722945998968,0.2733322552867861,-1.1845045883061287,-0.8448135552836121,-1.125845584965202,-0.11183361362711959,-0.14569095264424167
2023-10-14,0.15982054841078389,-0.12347726033599142,0.1332750089772239,0.12495577287784139,-1.3025486362668757,-0.8509793302122577,-1.266072509877486,-0.14404005525900657,0.04137852385619477
2023-10-13,0.08449942274195978,0.38830388224977763,0.12125476433485954,0.21789374578884982,-0.8664541441861228,-0.8516199051576334,-0.7447255875250002,-0.0970800417200326,-0.09833265560407754
2023-10-12,0.03139595120660583,0.5367999650726143,0.11500511593374613,0.1216614178467076,-0.8314520423663542,-0.8493032819896813,-0.7034395462215957,-0.08064296082701344,-0.0687620331215443
2023-10-11,0.07587514554111688,-0.1409934538170256,0.1109681929399051,0.0196801896856411,-0.6175607718345233,-0.832605315875742,-0.4528864301115175,-0.12252218056668886,0.05103185455813454
2023-10-10,0.04393606251967673,-0.12028776670149578,0.09619405914005938,0.024221356345637404,-0.8141384936217086,-0.8090610720255798,-0.6924652458032048,-0.10607854185803954,0.019395830284188502
2023-10-09,0.020899866733574878,0.20889176749769492,0.08883961734411072,-0.030413472090591642,-0.6728763511860085,-0.7884819704889844,-0.5309982402081423,-0.07625746363743674,0.04242873805155321
2023-10-08,0.05680598427926122,-1.112066636282208,0.09270077775242977,0.018869135403146706,-1.0933240226349998,-0.7813499318739949,-1.0272893478737277,-0.16981512936259724,0.03493246207530696
2023-10-07,0.041956534900049997,-0.9814411351221997,0.09961267446689828,0.012583464713733302,-1.251504130360538,-0.7829247233102661,-1.2130823489498577,-0.16798785287936185,0.026872257854212128
2023-10-06,-0.022058608868649465,-0.536991268808348,0.10342725118242996,0.035206717941275195,-0.7468132042420773,-0.7889098395148675,-0.6179630624153509,-0.1417147210834007,-0.047241106880424856
2023-10-05,0.2220656207909341,-0.36674120375892366,0.11287300344165932,0.0043837059175348995,-0.7180203657470745,-0.8337278436068434,-0.5721279994619344,-0.13977814767240457,0.19148910057835333
2023-10-04,0.05794635709341377,-0.22905767783443423,0.11019146767936149,0.3316116667398608,-0.7575065222889081,-0.8316052786935897,-0.6196743522203547,-0.12770672237282601,-0.21168106527943834
2023-10-03,0.06835533437192236,-0.00019230318987419152,0.09753590075880508,0.11175918237924327,-0.7718081250020288,-0.8289773748046388,-0.6373543653346563,-0.09929591081874413,-0.028473855102289364
2023-10-02,0.2398999876995197,0.1869172219971312,0.10569696727766702,0.06405960538064102,-0.17213418759797117,-0.817488542322491,0.0707947907729512,-0.09490772324327312,0.15989802710656345
2023-10-01,0.12226936827491527,-0.39860144475950793,0.11865846681892497,0.10798040674485719,-0.9360379230818532,-0.8501338636308701,-0.8282124546475308,-0.14782895937204787,0.021851194878494833
2023-09-30,0.13038962064005222,-0.012390195707511509,0.11254130111857998,0.11957405905236577,-1.1826455746261315,-0.854396802278998,-1.1222936500859553,-0.11539770236718301,0.01980097127990424
2023-09-29,0.13299685201280906,0.24317572627222753,0.1088554077246154,0.1114192769026989,-0.8027679491512902,-0.8557099525951648,-0.6675876067796196,-0.09430558124581559,0.0285465292893975
2023-09-28,0.1754978486085624,1.428938756116261,0.11966497192578528,0.08877242936868722,-0.560454778625925,-0.7789456755777546,-0.40151873093301027,-0.02485444590996849,0.08379048133206685
2023-09-27,0.07968724894843947,0.4396529950015431,0.12266879415837514,0.15688992926863174,-0.7888765713834743,-0.7907482788241668,-0.6670570135210335,-0.0950353484250986,-0.05425751844940049
2023-09-26,0.04954948951504807,0.32028613376575854,0.12178023499707744,0.09995170666997127,-0.7084225896003764,-0.7704062416772925,-0.5776452346679477,-0.10222994480751237,-0.035635627057349635
2023-09-25,0.12347224548821441,0.12658697099163518,0.10782726267535081,0.08064124152557199,-0.6161530233325192,-0.7615427953811331,-0.47199315372270856,-0.10116959645899679,0.04455310128467527
2023-09-24,0.030832746673888956,0.38672028750799786,0.12614638245801368,0.10553618406615234,-1.034663201553745,-0.7413492846045147,-0.965270569266082,-0.10216672073852041,-0.056489296586389647
2023-09-23,0.09972323357572674,-0.2656910072118441,0.12922867013057723,0.026097103704460153,-1.0400209045474784,-0.7430760580291831,-0.9712165604066816,-0.14957047980426094,0.06688839595412169
2023-09-22,0.04968181265793636,-0.34259324262703617,0.09918417056945647,0.10740013427178113,-0.753775372268199,-0.7448915324140774,-0.6372030813339296,-0.12420568955263966,-0.041416767232761
2023-09-21,0.1660224476747193,0.06413286913571288,0.0999110083291972,0.04497328614692707,-0.6091613044649111,-0.7414755390515005,-0.4695935229965401,-0.09734908031144081,0.11014974845704151
2023-09-20,0.08483854235433512,-0.0716374562559267,0.11581207103748661,0.17785273318330447,-0.5635753308215928,-0.7107840093879368,-0.4256074331673945,-0.12274699593968544,-0.06633235469987085
2023-09-19,0.0681425534386354,0.20262925746240965,0.11152422382611042,0.1228713633717162,-0.5811865584020932,-0.7024652172254799,-0.44838741881594135,-0.09977328616944137,-0.03745876153868617
2023-09-18,0.0651110900802475,0.4574442730153755,0.11887123205405174,0.1275039579690476,-0.44476886893322964,-0.685347245653689,-0.296445563738815,-0.08996262578353893,-0.04378806798942455
2023-09-17,0.12596377722853982,0.6296719728128715,0.1327650662126018,0.10321730614025616,-1.1064925643827213,-0.6765839200846447,-1.0586887539119865,-0.09241962071983971,0.02886585511763164
2023-09-16,0.1320652704894102,0.5928874708546321,0.13742013168303133,0.1654067365571226,-1.0625233029685761,-0.6766260468089385,-1.0082211204897307,-0.09965390029446966,-0.015016051965631907
2023-09-15,0.14910636348128514,0.2989162785890632,0.12422224467946237,0.2937037268973248,-0.721825057956479,-0.6847110338997845,-0.6152018940532841,-0.10616564310201836,-0.10163449634238851
2023-09-14,0.1658562125705935,0.6501818790451492,0.1263127291907667,0.16220528410743223,-0.5425129031964174,-0.68474863683873,-0.40902289081481996,-0.08446011399215954,0.017185068106561428
2023-09-13,0.10449152130167631,0.6438152829706945,0.12177808752188386,0.16345651966861968,-0.5317709665034462,-0.6719060298243881,-0.40051061879825,-0.08027622759707077,-0.03768001288946517
2023-09-12,0.14228075010682675,0.40139641905840584,0.11502328687773965,0.19346110418907844,-0.05675510190600213,-0.6734114988517657,0.14469163971440296,-0.08984862068039316,-0.02825960907125452
2023-09-11,0.023872815335349455,1.1173497625691755,0.10911806046052672,0.07649233020935689,-0.30465567563122753,-0.6929557366303009,-0.13258403882740513,-0.03526001788122004,-0.03960414073123513
2023-09-10,0.10898119899327816,0.10977955387363883,0.11457363860909771,0.0024873135405408483,-0.9458756385718369,-0.6792823741377656,-0.8738443930018716,-0.10917719383491782,0.09370943041004796
2023-09-09,0.06954956735983116,0.22621713657340164,0.12998887635113507,0.1373361478393204,-1.212477850586331,-0.682864330040665,-1.1795634252184253,-0.11696821514469606,-0.04767602048540972
2023-09-08,0.2387682591107575,0.6426182935180446,0.12361153577086287,0.11356709610711886,-0.7246388362188021,-0.6869715115708455,-0.6178736685052704,-0.08222373070083366,0.11970675601149458
2023-09-07,0.10075721592316197,0.26513540233846694,0.10799542650250682,0.3565169317895268,-0.8048469245740709,-0.7109699749182051,-0.7046332509894262,-0.09194022757972642,-0.19381458087387557
2023-09-06,0.1554139882713188,1.4896233953030007,0.1039137369102631,0.14469683411414783,-0.6521316640388667,-0.6899556621310742,-0.5336623877972548,-0.004703623560412069,0.021879799934430053
2023-09-05,-0.004755529352809805,-0.42537386102707087,0.11476757213863152,0.06390771703306407,-0.7686086841365602,-0.6994160046878637,-0.665487014848129,-0.14568488994743053,-0.054774160785554755
2023-09-04,0.08381187435134735,-0.3790704429451416,0.10632056103746458,0.11524376650575253,-0.8594766483887517,-0.6878806799430677,-0.7727917502703252,-0.1339448865626777,-0.017662895301448114
2023-09-03,0.1408444788072505,0.6389529779890236,0.11842125340460091,0.13771070745347438,-1.0016541534503396,-0.6700542630672812,-0.9395176895343099,-0.07718917790943748,0.014619953501785011
2023-09-02,0.17949148074952484,-0.13454259761565038,0.12724407266565047,0.1673370457494265,-1.0423844479469966,-0.677807695885056,-0.9849136218130973,-0.13865188486898405,0.02509290662182746
2023-09-01,0.1249164960725619,0.07160971629610928,0.10359772767517482,0.18623608517614534,-0.4745213721767192,-0.6821890751995927,-0.33165285209001555,-0.1005945264698211,-0.037783925133395374
2023-08-31,0.11814740263359783,0.7326205004584767,0.10224580944202405,0.1212197619237425,-0.16107595808954273,-0.6782039143387818,0.026950719812113645,-0.0543686519872107,0.007750069872292744
2023-08-30,0.06605863017363181,0.38439817753453176,0.09443312947664084,0.1558193376157064,-0.37328085049171256,-0.6810990729252457,-0.21568807729058628,-0.07004300847349437,-0.06537496099212703
2023-08-29,0.01593675146544277,2.3242447366429166,0.11793228982076533,0.0832616841800503,-0.13972681853082541,-0.679490679986191,0.05197772013404748,0.037655998214122,-0.05193116849495788
2023-08-28,0.053501230409706425,0.052415754989975236,0.10486292094834986,-0.015136896018438864,-0.6906994106393947,-0.6975424337078175,-0.5760938737997071,-0.10318469550888817,0.058955455042857326
2023-08-27,0.04342605322031852,-0.05561068443335213,0.10299610423857208,0.045945813963784325,-1.118575698583592,-0.6975564162713571,-1.0694973099583862,-0.1086140624332169,0.001747678346167204
2023-08-26,0.10226862548966076,-0.010509212281997396,0.11699219125467533,0.04912367210708677,-1.1398188544360892,-0.702614911840755,-1.0932802349420847,-0.11980068706517531,0.0508917481618256
2023-08-25,0.04477322250395811,-0.1223769222058991,0.10165839237981825,0.10829966720339398,-0.6469103313604878,-0.7183468202911842,-0.5199310268435783,-0.11178249629475465,-0.046438413985242455
2023-08-24,0.08587983904636548,-0.03534364562598659,0.11206439643392942,-0.020854828710106195,-0.633481067299383,-0.7269099672689457,-0.5019916479687722,-0.11646965300494358,0.09190906321817159
2023-08-23,0.13191632383621266,0.9304211488316483,0.10320407895210756,0.16708266963362026,-0.3390680055109509,-0.7035048181676412,-0.16850595942866958,-0.04192326304552508,-0.01647374226324426
2023-08-22,0.04927952370594301,0.5135144311238315,0.10427533869574879,0.035318790896699724,-0.36877082331544814,-0.719792814767597,-0.1971555213811248,-0.07130093203759112,0.015300637076977461
2023-08-21,0.11148336978026054,0.13454211828579432,0.10074175085053555,0.04315873652031848,-0.5788151937623225,-0.7066292932436186,-0.44444206269362535,-0.0934174175958416,0.0637044780990996
2023-08-20,0.09459720790553065,-0.08120098068203921,0.11523126159127513,0.11708412240499338,-0.9200686856786177,-0.7074219251100252,-0.8386208604622115,-0.12280467108771789,-0.009651144542381498
2023-08-19,0.024532436228376617,-0.05020316686455981,0.10103116443123299,0.180740086428919,-0.7831870500368769,-0.7062013714128593,-0.6807060166706352,-0.1062470272759228,-0.12156346365606173
2023-08-18,0.2385707718071322,0.463449046190874,0.07042501751028422,0.13607606441315562,0.10278162515383747,-0.7085276504972067,0.3440752831190183,-0.04024126740168299,0.10171184074270263
2023-08-17,0.0601479748121154,1.422277249596759,0.013095524019091708,0.36372794168318534,0.6582128273835242,-0.6801755275454417,0.9687510729544979,0.08317177896443326,-0.23517632415445403
2023-08-16,0.058895892008064714,0.6712568237767974,0.11064441975601892,0.06916924736035569,-0.49704525272313593,-0.6958361086780334,-0.35331156194830204,-0.06708122988000338,-0.0030579710453109725
2023-08-15,0.12125732896111774,-0.06574668207599724,0.11925298706832924,0.09261830131204817,-0.6810487011111358,-0.6988313318340458,-0.5646272368329369,-0.12584985164456672,0.03312567334025616
2023-08-14,0.07618367789431653,-0.030473905927153617,0.1120561369139457,0.1308314924935189,-0.6285926694764775,-0.7033019181974457,-0.5028840206802728,-0.11613083252885723,-0.036701603222229644
2023-08-13,0.10930568991661091,-0.4324294075523145,0.11865945796133329,0.06241537715337262,-1.043260076741231,-0.6740502516098318,-0.986538010343092,-0.15012520374999316,0.046546114771395426
2023-08-12,0.09898315489215326,-0.3565729890089428,0.1290215213690548,0.06696834096656289,-1.0862925491935376,-0.6771394065938536,-1.0354210753201603,-0.15552598532398734,0.033878745220076445
2023-08-11,0.09863339623312095,0.6152312739707638,0.1137802291181547,0.10228164442708912,-0.7997250192782931,-0.6871296829612522,-0.7042138200325224,-0.07407455176617765,0.0056122797760576725
2023-08-10,0.13408668935526719,-0.11452090447298474,0.10291284827700711,0.1671497659424314,-0.6703367901845277,-0.6779079834085255,-0.5577912135114722,-0.11252638800008072,-0.0146214189495324
2023-08-09,0.057792090916887764,0.22496810410061674,0.0744702000241273,0.18117805574153148,-0.5562635855423576,-0.6555547523638953,-0.4333401840017704,-0.060539892827430775,-0.09271030267766942
2023-08-08,0.04670154971149284,0.5409559719299345,0.11013860675138869,0.10095299004784114,-0.45998984967624135,-0.6524469529001353,-0.3243561375583023,-0.07540730168852999,-0.038928711146012825
2023-08-07,-0.13071718725464535,-0.16334964812879446,0.08343640455232672,0.022910397696262234,-0.6287930448595832,-0.6809821698027194,-0.5092583435040628,-0.09601414445057618,-0.13290098999616856
2023-08-06,-0.005657188557430583,-0.65129013122281,0.07376830601476966,-0.09314704619873437,-0.9716135403204892,-0.6979720878737797,-0.8999503197981318,-0.119279761092526,0.06878275118675214
2023-08-05,0.06326521548423045,-0.7140069264164437,0.09426331374549542,-0.048764681215517816,-1.0688528109779594,-0.6978412137544963,-1.0121137084669245,-0.14439720398915765,0.09415251688817569
2023-08-04,0.13052260872341193,-0.2446532360654564,0.017934941975872483,0.03378663562477399,-0.5636605505117954,-0.6978763360377098,-0.429501151884843,-0.03485595554668835,0.0878401399604224
2023-08-03,-0.045889408452404835,-0.13088719504302906,0.08042134937252819,0.2208821121587491,-0.6030658586034634,-0.6870955604503582,-0.4779855366735404,-0.0907425014004602,-0.21517204965265618
2023-08-02,0.10621238709940022,0.159019685208752,0.08309413004363814,-0.0388167317794678,-0.27861967161972173,-0.6751431978817437,-0.10911389132150974,-0.07379290199077908,0.1239811686505012
2023-08-01,0.04600136745303062,0.06753796956625986,0.06540719392156542,0.0948280555708183,-0.2045019730356085,-0.6571997206422445,-0.030944025682495675,-0.06199623235268315,-0.034693995319321824
2023-07-31,0.06958414426139248,0.08942082022219064,0.07805516208371921,0.04888994100928808,-0.672808179796861,-0.6230395000261661,-0.5748217648442079,-0.07338598112121954,0.022381847854267035
2023-07-30,0.117359448240068,-0.016432203569812905,0.08914340248961869,0.057968587718928044,-0.9348667654881788,-0.6134405570747393,-0.8737502414111992,-0.09185497597608609,0.057137574551426124
2023-07-29,0.17924212809340992,0.11683510039888244,0.10342427775522335,0.08442517841441904,-1.1180100716383181,-0.6124878493220636,-1.0810848897687035,-0.09734941660970793,0.09051967478881007
2023-07-28,-0.0474826056900975,0.24385972024509173,0.04146334102078555,0.1638192821295797,-0.751783042740748,-0.6119818931160377,-0.6669591485096386,-0.025660048342215126,-0.17139113593021493
2023-07-27,0.10662132545551725,-0.15558532523996274,0.0823524251478827,-0.10140726540509278,-0.7982228926891212,-0.6094741151233964,-0.7200391985863832,-0.09438393873555861,0.17389640742229884
2023-07-26,0.041809583067971466,0.9786377674464275,0.0692377941058787,0.14092469437833102,-0.6148903372009379,-0.6050934899965971,-0.5139852551403395,-0.004077099940604317,-0.07487125577477277
2023-07-25,0.09322078124365822,0.4742987766750319,0.10167243356381991,0.019442771977489764,-0.8712070299916437,-0.5985334386602221,-0.8047584821662778,-0.07131219802858765,0.06644822835923149
2023-07-24,0.0674875871284653,-0.09646941136067841,0.035265727595668574,0.06810307963991902,-0.6102968616469066,-0.587635631039393,-0.5134805940693238,-0.04244284382523658,0.005329148100331886
2023-07-23,0.023647400534138895,0.5400241540536831,0.07691204451611697,-0.049230668766925015,-0.9855765602198691,-0.5622252927090929,-0.9399747985640254,-0.041648843682272264,0.05973946708521582
2023-07-22,0.14093291588271573,0.8208160711444659,0.08225479762152553,-0.09984930386053478,-0.9369376904336242,-0.5620386068532618,-0.8856072473412583,-0.02803549095551524,0.20278634632963963
2023-07-21,0.06542361207598044,-0.0350908652446748,0.07950487303364076,0.14503895155693655,0.49108227434370433,-0.5597636827739247,0.710318636995599,-0.08330980586463728,-0.05739706927877135
2023-07-20,0.07860007136757176,-0.10162167030892147,0.07035150778231544,0.03723656561375551,-0.5286547097314946,-0.5493625098736078,-0.43256419630550824,-0.07850662626186786,0.03952386543587992
2023-07-19,-0.022827944930455774,-0.43034768676507335,0.040587997091476445,0.07225272827810643,-0.6793642727483635,-0.5397858552736345,-0.6029967976649953,-0.07051416230673523,-0.07724781052127686
2023-07-18,0.043403445246135555,-0.12303861202727687,0.06259846155131296,0.021218243534163815,-0.6096889671028469,-0.5389986750496836,-0.5256587576775547,-0.07206786017229226,0.021305947486405345
2023-07-17,0.1488935825479982,-0.0819841042161482,0.0853688018508801,-0.006121659007257401,-0.5260828105658696,-0.5249979907206173,-0.43656518134891914,-0.09246048095591616,0.13556621629071924
2023-07-16,0.02339538811635974,0.4067320676948142,0.08705159645511551,0.1663180666417657,-0.9293054631295894,-0.48942773273128454,-0.8902818505088679,-0.06101390519571814,-0.11114305043474855
2023-07-15,0.18714627482319807,0.04761292774560156,0.08870663907215648,0.08406757720808372,-0.9078949363119299,-0.4897547932255879,-0.8666554523303938,-0.08706491200461436,0.09774215951554804
2023-07-14,0.1256858321343682,0.5557708848660851,0.04575036228014869,0.1859559027875431,0.0621532960984038,-0.48900237285900294,0.20081979109201725,-0.008860606096352544,-0.03688666042062991
2023-07-13,0.0803508594839999,0.5033363034180013,0.061370270927724395,-0.027872660220090745,0.30377893418730556,-0.47198116882088165,0.4586807175263487,-0.02831798147650694,0.0926113465294903
2023-07-12,0.05390684406376162,0.8614765389498529,0.06863930928687785,0.020753730626864933,-0.5648559986532719,-0.49658129679299473,-0.4872282176372468,-0.011417313460603823,0.030895062756665714
2023-07-11,0.06725286316154061,0.28062687452976937,0.08727906363584337,0.02002673106091847,-0.6909492543836311,-0.4754523114283551,-0.6312217009849603,-0.06980171448680891,0.04318764769791337
2023-07-10,0.1319070146703509,0.20911480901035812,0.06725831754335213,0.01729421545093378,-0.47208329954584005,-0.4724458604469867,-0.3919173072760882,-0.05427448848020102,0.1021134790786759
2023-07-09,0.07346008194865686,0.19126405325977885,0.09801643963224334,0.1243305237582338,-1.0412155194246755,-0.4528622977876436,-1.0189772836204993,-0.08679469636936454,-0.033945593652707516
2023-07-08,0.058786841779756994,0.2538916318480171,0.0992613144862313,0.06338126907149688,-1.0042518033431882,-0.4522963279180138,-0.9787043993939402,-0.08381257173241144,0.0014289362946972321
2023-07-07,0.029655802136834636,0.1719883100654115,0.07895313709782256,-0.0016999385233909248,-0.5471156801970756,-0.45311738858860157,-0.4793764699481431,-0.06869781551630391,0.027381894870557432
2023-07-06,0.04648810383788209,-0.19657787707565735,0.05778382215452001,0.09330990941833087,-0.14873401021539986,-0.4493919311603961,-0.045683484018271533,-0.07215664290747602,-0.03306467468616297
2023-07-05,0.2175340518531758,-0.1508122368636874,0.04844593922644818,0.11653629210328259,-0.5649031724978292,-0.42296954413117366,-0.506664730998807,-0.05954629967941323,0.0987135638629098
2023-07-04,-0.0047123082257105155,0.08507646719878048,0.06505104341928879,0.16338205013910326,-0.6182115802042154,-0.41385301194300045,-0.5667444851388814,-0.060443711530967704,-0.13349527462698563
2023-07-03,0.18272708081580935,0.6102301876033503,0.0817060351128956,0.02700548450088662,-0.38898830629882,-0.42386655296533843,-0.3155423628010052,-0.041765202873045214,0.13904143869448035
2023-07-02,0.08575948483107701,0.5511663167436507,0.09298853942911946,0.1410072744508525,-0.7600588347372315,-0.4705134046542421,-0.7081352549709606,-0.057257285713632367,-0.03635133723165173
2023-07-01,0.02192852955775546,0.38855418439185196,0.10678094668211104,0.14081262142298837,-0.7324056475055414,-0.4703382465219357,-0.6778626162377432,-0.08233000094447035,-0.09223685981370283
2023-06-30,-0.08736573186636323,0.8832429123715273,0.05499821644024764,0.22836445657603252,0.6061118535921425,-0.46193994547091166,0.7847338103681045,0.003944958259608231,-0.25750986749373755
2023-06-29,0.12774914224652928,-0.14163779596594217,0.09534068553394512,0.014024929370378103,-0.5412999543593308,-0.3776600102929392,-0.49293356708692143,-0.10665848817171514,0.10105158935036734
2023-06-28,-0.013506810173212511,-0.23241569172332113,0.059404174787581705,0.07716550526387635,-0.428045364995859,-0.3478142814740102,-0.37971848117616264,-0.07623762204133798,-0.07295413325274697
2023-06-27,0.07846442352262162,-0.5147763341215593,0.06699979456743267,0.0415594849395816,-0.3056944593594703,-0.3334278798208989,-0.2535347644836209,-0.10312752480818173,0.03598209249390123
2023-06-26,0.1512574457282924,-0.10486072872431464,0.06301358502637089,0.06043198077153215,-0.2943187525843859,-0.30690845402534195,-0.24961055703710588,-0.07125704511733459,0.0849475266543986
2023-06-25,-0.039095712217917335,-0.046570068442874674,0.06669501827953472,0.14305260588687943,-0.6550139788245987,-0.2897301605100518,-0.6352648076522369,-0.07104938095457983,-0.1475858916535067
2023-06-24,0.05455183626759855,-0.3582780174629035,0.07444426513133588,-0.008644775147967352,-0.8212094291004668,-0.2919163204309463,-0.8101284787946667,-0.1000868842775657,0.054737668738956975
2023-06-23,0.04580653991099575,0.37954082903133585,0.053994519570180324,0.034768748628662735,0.1460201102187925,-0.29402066447691183,0.21125944602708974,-0.029209676257987035,0.012687069010237638
2023-06-22,0.11400548877976165,-0.12369534537072996,-0.01918400165330516,0.017906930095293244,0.07455460815164845,-0.28778125373535607,0.13341101538150366,0.011134846466674305,0.08591192568195138
2023-06-21,0.17661162380607254,-0.21618818253901953,0.024243067778563037,0.09924387747800593,0.6490698593973151,-0.2886000312236848,0.7394871281844851,-0.03934570519042968,0.07647751122431724
2023-06-20,0.12498631481630361,0.738863184581513,0.09209832836383233,0.2644652200126652,0.009355522040602388,-0.27915157160798304,0.061478070743688,-0.04361585208390413,-0.09966074748519162
2023-06-19,0.04237744218361921,0.30405862458145694,0.08981044132458342,0.16732524859623255,-0.5818766045787366,-0.29281157094655635,-0.5573880807739685,-0.0707885816700067,-0.09527541728244583
2023-06-18,0.08563314615198864,0.1661148835590438,0.0955694742378535,0.05479072957562559,-0.9840091944019901,-0.3116934991251053,-0.978874055272362,-0.08601028072617314,0.03179991656580988
2023-06-17,0.12353009530435628,-0.21000497615328037,0.09340795785458285,0.09287562671623478,-0.8317699573649748,-0.3106499291002459,-0.8177709642265975,-0.1093298732355531,0.03491728388229032
2023-06-16,0.07503067121224039,-0.010977599459360528,0.07822464743407409,0.1304362878613574,-0.3402306595174865,-0.31093865191347153,-0.29700909478558796,-0.08037055925319535,-0.037400967650246
2023-06-15,-0.014311388077051564,4.157415496600141,0.06030561880007749,0.10432402657489942,0.4867797610862878,-0.33311307223708453,0.5898042222771561,0.2206958994514659,-0.09516333216550238
2023-06-14,0.06836996306111259,0.035204384909837565,0.02457295300723936,0.08029101353994197,-0.4687974860098957,-0.35371671580371583,-0.42161473454725557,-0.022624452285213897,-0.003546008325659647
2023-06-13,0.1363986871832194,-0.03790118830720275,0.08134757194503014,0.02751423673266287,-0.4374020059040997,-0.3395945167262827,-0.39200399551071446,-0.08537619039598986,0.09796516219629549
2023-06-12,-0.12581125686240516,1.0732048906847962,0.056857269201227516,0.20070603089821054,-0.42792332825660484,-0.3161120359736491,-0.38846774860263544,0.014941574386379672,-0.2693640361700635
2023-06-11,0.007469400202863938,-0.18686070182947784,0.07535099523662712,-0.006945985087135934,-0.8165100774850859,-0.3056984011225879,-0.8025511579278393,-0.08937914833835725,0.012057174003741204
2023-06-10,0.04445671086569192,0.16572827826991396,0.08916603357441295,-0.043742043240567706,0.31603535624496976,-0.3085969781123284,0.3971624659204406,-0.07951837951479789,0.07366312398952596
2023-06-09,0.022349436841324677,-0.055310817510380285,0.09126675989049929,0.004391079138240198,-0.7199992486063274,-0.31410910511700263,-0.6986393120657519,-0.0966542881490823,0.016144778114443925
2023-06-08,0.013106765053213445,-0.3326059393259831,0.08120782086666799,0.11354718841124731,-0.6996256133275107,-0.2950077066305237,-0.6811771718077307,-0.10522972510201462,-0.07839434786399237
2023-06-07,-0.024193067605347455,-0.5620908737287358,0.08050113633570072,-0.030560199183462047,-0.14287146493863465,-0.2829262165267635,-0.09743905830597524,-0.12008099164763607,0.0029560960137646987
2023-06-06,0.07173190180648549,-0.0031215817264461745,0.07023537893115588,-0.06795791215011347,-0.08891609081884494,-0.26107171278444713,-0.0482106107317837,-0.07170516252121904,0.11678203498972829
2023-06-05,-0.04269436975155536,-0.3116796889364773,0.05387260905502114,-0.022433435272753627,-0.023385612285302698,-0.23710722878809523,0.011898674499410412,-0.07598506206361864,-0.01972129177305195
2023-06-04,-0.02773321038229835,-0.6187260703365624,0.0710339093244807,-0.10836021257242866,-0.9895317238650287,-0.21826427647526866,-0.9986963428652142,-0.11428690928278072,0.06144643001290784
2023-06-03,0.05663044000942129,-0.9221294403591129,0.08310850160843035,-0.02958324743411613,-1.0433571502416492,-0.2178669217947182,-1.0546788480668499,-0.1471637614547133,0.07314064388689663
2023-06-02,0.10422753995637117,-0.553937467312087,0.06733050574812204,0.0871127173778722,-0.6136476787372405,-0.21695822749293864,-0.6084201953219678,-0.10612125173441715,0.022533629783526105
2023-06-01,0.03443672373085547,-0.271772605797101,0.06165274651161863,0.08237099911341478,-0.5967427885441042,-0.20683049735106804,-0.5931917061320131,-0.08119684402711522,-0.03498413231479176
2023-05-31,-0.0445714965470719,0.024401740967890027,0.047046115777311166,0.1739405022532684,-0.688557420052522,-0.22114985206635665,-0.6853507272611212,-0.04623309313121572,-0.17684886384095036
2023-05-30,-0.03179400150533825,-0.4543172146867202,0.0717052431098509,-0.07354460151245701,-0.6715131183082235,-0.20904988914061398,-0.6702261803607146,-0.10381508655843182,0.03031595631873567
2023-05-29,0.12612602269013237,-0.3935408806553475,0.05765513883295292,-0.05975004281107375,-0.7007402716691826,-0.19615575445769876,-0.7032100968032128,-0.08538964232555467,0.15803811469640808
2023-05-28,0.13916217955376886,-0.34998830789974955,0.08177838850807913,0.04041516107911212,-0.738312910821797,-0.19172615926230602,-0.7429530812376589,-0.10698991008652217,0.09017699789454604
2023-05-27,0.07570891043699106,0.036079203288579484,0.09724417451250048,0.06656133918104366,-1.1546624236804413,-0.190701399172463,-1.173328759171349,-0.09653792895827203,0.013767639591370116
2023-05-26,-0.03114967424182511,0.10075132907879847,0.08421478171685973,-0.007204785135430866,-0.784627004024464,-0.18763746547358087,-0.7915850662710828,-0.07888714771962378,-0.021643084508348547
2023-05-25,0.04256096573852569,-0.6213183083643518,0.07658248966821285,0.04019691374494191,-0.6826589675225535,-0.19183005662768213,-0.6854174770454804,-0.12011075404179354,0.005539891471365027
2023-05-24,-0.013176999726625106,-0.5638752058322426,0.06455976716984603,0.14166422841968934,-0.4963462305378461,-0.1778839706964563,-0.4963467718986322,-0.1039751645203464,-0.12373161013813566
2023-05-23,0.0664024043688642,-0.5266495773260512,0.06791115000391992,0.013551568598183749,-0.627626917607262,-0.1570455859870148,-0.6362070919394567,-0.10486080593352233,0.04756772391068902
2023-05-22,-0.0730256268461126,-0.4621930583318835,0.08524210081411128,0.008775933518334604,-0.7471547592701636,-0.13153655601394307,-0.7637718876901113,-0.11812878036852549,-0.07106036179675104
2023-05-21,0.15178274865731226,-0.44188884593925754,0.09952627988773144,-0.04007091662903562,-1.0375746222965152,-0.10947896723291332,-1.0631238004264765,-0.1312911571563889,0.16498213796069106
2023-05-20,0.044767238040158204,-0.6645487100460417,0.10290855332660165,0.09807153537882357,-1.1598120323313248,-0.1081416567581633,-1.1874896401527448,-0.14984153618512255,-0.038345518271705785
2023-05-19,0.05833734205827873,-0.1963226184551081,0.05374029154466634,0.015756898924547083,-0.8010448176296772,-0.10813559174097297,-0.8229883515786132,-0.06802336939737019,0.038741020946790515
2023-05-18,0.034250540414210925,0.10885269247586246,0.07742677780233036,0.033061848025071866,-0.6116579913370407,-0.10188063155595287,-0.6319341656494125,-0.07142788462288237,0.0038930575387161616
2023-05-17,-0.019852336567016956,-0.5596250258916022,0.061733854997990036,0.04417034240711028,-0.5532886879427119,-0.11637465625180501,-0.5693766915487295,-0.10081026179031476,-0.05240110869905238
2023-05-16,0.09088551050112545,-0.7625011078027083,0.0720599068985334,0.0033662014539823995,-0.6997540354460382,-0.09077273428769558,-0.7235323914746168,-0.12508645464133433,0.07712667086020732
2023-05-15,0.0788846658657194,-0.44511055668108895,0.07669647104417886,0.05743329189238351,-0.5472797803317234,-0.06511549812631487,-0.5750141951790977,-0.10827103822910888,0.02378291181683793
2023-05-14,0.08416828241465099,-0.6154919683996442,0.08302243741007238,0.11312912679467013,-0.9410140632757451,-0.03812469778659566,-0.975560949019182,-0.12627072889105442,-0.015675719581203024
2023-05-13,0.04947634606924452,-0.15849477786428579,0.08662870903125969,0.06263583645370531,-0.9673819947154818,-0.03794386271102913,-1.0020025766638765,-0.0989342220623976,-0.0061549061791286806
2023-05-12,-1.250936255977812e-05,-0.2078513864342055,0.05321283859765016,0.08500766285373942,-0.17643539838821812,-0.03818456476998834,-0.2095654567720899,-0.06826869896296243,-0.06731601835688208
2023-05-11,0.08398276403833023,0.15920803137539224,0.07179180287943136,0.1697348171373278,-0.2753650507777556,-0.03558054310157471,-0.30940270022167826,-0.06227535989132099,-0.06065629432165879
2023-05-10,0.13496175094331936,0.3564733801172917,0.013811294022055727,0.06451232113466408,-0.11987984633043358,-0.012878286242921144,-0.16070411247654517,0.010128137687303071,0.06741029228005166
2023-05-09,0.0942441245444365,-0.6340614134691106,0.0769647402536945,0.20593806834251724,-0.6150394063923844,-0.008224949411848132,-0.6552610050412362,-0.12136447387790596,-0.08031147038601817
2023-05-08,0.17563482633430774,-0.41877183224486614,0.07974390354236784,0.07790651394934296,-0.06828330319668206,0.004752816963193517,-0.11483764382167383,-0.1095859643447972,0.0925138558286697
2023-05-07,0.06199916893146094,-0.3501146980904054,0.0837968500050088,0.14891284173901037,-0.7758792096557815,0.032856809634834595,-0.8226471917280321,-0.10905309978461711,-0.06347068155632045
2023-05-06,0.08168871960177775,-0.38443830868943596,0.06874552671404596,0.08018483916103257,-0.33663517278917926,0.03202256719084317,-0.38851246029764985,-0.0960610580549568,0.00823110183276764
2023-05-05,0.06124113685678303,-0.4184224005409968,0.08841144382745944,0.05204862877869127,-0.20189623654538483,0.031142595724205267,-0.25513421426776056,-0.11838503962686582,0.012556303040405465
2023-05-04,-0.011552550289359155,-0.3301128308594385,0.09161811987118462,0.08757575564098091,-0.5944785577298335,-0.00995036784663402,-0.6344175100780427,-0.11565732460791454,-0.0794807562115351
2023-05-03,0.017027253748372335,-0.2656736595382823,0.07840833915880756,0.05744656368984951,-0.3730082378904502,-0.005519542549081467,-0.4149138835787256,-0.09783873054786128,-0.030534586680561
2023-05-02,0.1660098138067957,-0.16310182422540734,0.04949357674288682,-0.007355936160789938,-0.6352500609001558,0.008882857640392332,-0.6788759151470315,-0.06144655288054705,0.1515704531793292
2023-05-01,-0.00487388874690546,-0.09168888826724089,0.07145927460433897,0.11554975516682332,-0.3718214181469424,0.030936889384391642,-0.4230037270937718,-0.07896029258669311,-0.09576578966926787
2023-04-30,-0.038124899209952455,-0.5358388876581207,0.0825400814422311,0.03891028672400883,-0.4829537577768537,0.051275041433465875,-0.5375080432547529,-0.12037525260702497,-0.06427862844140818
2023-04-29,-0.036283679196940095,-0.8928391332348317,0.09020260333405654,0.029378924260345815,-0.7632731924637961,0.05118506594793056,-0.8134158226928014,-0.15239757095289558,-0.055115670126484884
2023-04-28,-0.044428534357526646,-0.6432903756262283,0.05559537973604963,-0.03561749129602176,-0.20584099189716046,0.04887006615273888,-0.26406133566511175,-0.10023855478351161,-0.01080527098147571
2023-04-27,0.08261365172105292,-0.13926859945081596,0.030930635929905567,-0.19252331546870546,0.32667198192275493,0.052856935041746426,0.2588126556150493,-0.04093404177462544,0.2249605186433502
2023-04-26,-0.03238978811842362,0.17294738857107392,0.07065380621421095,-0.04409153390406171,0.6402164196348623,0.09116190626477623,0.5504264703832638,-0.060184761886733086,0.0064733503363796005
2023-04-25,0.018960235538911758,-0.5069797941259421,0.07701710561048149,0.042015887303957306,0.061074352965764314,0.08061727391541955,-0.011749714115530255,-0.11279525844241138,-0.016620270202597997
2023-04-24,-0.004873223806507856,-0.3417233807267692,0.06614741210370838,0.07268184972574156,-0.10229006654333345,0.09125768056387284,-0.1748090661965196,-0.09051819047486431,-0.06182443140037094
2023-04-23,0.09117010499942074,-0.21843842358065196,0.06523341362082341,-0.03639979001758539,-0.430412620891722,0.10050119322416874,-0.4974538826769981,-0.08122290714068904,0.10886135338824304
2023-04-22,0.27178787030886786,0.4436850899074448,0.10800104297609282,0.12047432930595092,-0.467526466520273,0.09688969290931042,-0.5328146855166926,-0.07983130502646264,0.14322711728237897
2023-04-21,0.15574113895609432,0.5621771327644874,0.09905135748789752,0.29002596438705974,0.28822182250175443,0.09809728896043536,0.20405853686877215,-0.0626816081644023,-0.09289769498273748
2023-04-20,-0.0353308195802273,-0.32324315226159767,0.051549701651002394,0.16275901298574,0.24715849730635076,0.13360432727583343,0.15120716128659026,-0.07440513293539155,-0.15988314680802512
2023-04-19,0.08194073201963073,-0.6747491419039087,-0.017591896578623725,0.07903461672412981,0.4560371793057411,0.17545860975685953,0.33707269955296376,-0.02787490854625597,0.009363044759101057
2023-04-18,0.020748925259036897,-0.5115546233797279,0.08085563493398794,0.06433536383659089,-0.09382182626074646,0.19705143633764832,-0.19756437333493004,-0.11701294281054574,-0.03272141401532921
2023-04-17,-0.20361925968862382,-1.14086625207819,0.005217593845723436,-0.05775558659817533,-0.10389101005067512,0.23983489688622342,-0.21931880292316203,-0.08271909800730984,-0.13303700995590606
2023-04-16,-0.08264266008863193,-0.8990000354696347,-0.03295972467587901,-0.17603163261691943,-0.262182867814296,0.2713326051299629,-0.3774981457454421,-0.027447305334967198,0.0668183427559024
2023-04-15,-0.015780241456922483,-0.6420289519583565,0.03674765067356697,-0.05057480690963775,-0.39629486245157763,0.27227036290024315,-0.5042733643081454,-0.08096765677703807,0.026188655395782145
2023-04-14,0.06440891300059248,-0.366770942627022,-0.018235808757608375,0.013314888212086573,0.6454192184414493,0.2695980442433383,0.47973063130062543,-0.006323067731740455,0.04600495381594218
2023-04-13,-0.29313220866497247,-0.7000618753811103,0.01609670320528385,-0.03273972323719312,-0.06475515566611544,0.2915945775121782,-0.19692685568374652,-0.06388437881724598,-0.2314302293845518
2023-04-12,-0.020701465478750507,-0.5910565315398716,0.014078737279558327,-0.06638299219790054,-0.0800926081589177,0.309625987275231,-0.21637315315196748,-0.054434230143867154,0.03438429579997994
2023-04-11,-0.09309153379210414,-0.6337268512001157,-0.018763922466242335,0.05056145015329706,-0.16181669749004501,0.3675786167219426,-0.308060839926588,-0.02389851816478842,-0.12176078016411149
2023-04-10,-0.03769069311806204,-0.6724072060181935,0.027719830126188536,-0.16714174035854662,-0.3208105045926579,0.36388584936759705,-0.45459335619952246,-0.07383931114779635,0.09924480061538135
2023-04-09,-0.027578279265227098,-0.436820847117935,0.036592536888022636,-0.14614796891669882,-0.7532749673856728,0.4002894834656851,-0.8614429352423829,-0.06688634505033518,0.09150100333915351
2023-04-08,-0.011517973387724015,-0.6222104744161051,0.047949707265018855,-0.09196954284492732,-0.856948513836622,0.40069749718764097,-0.9570280343021154,-0.09102566451794881,0.0627050524725668
2023-04-07,-0.05288591151384611,-0.7137442330787322,-0.03884215481792074,0.08241597576011002,-0.6350746383847857,0.4019798671224806,-0.7528243607436594,-0.008889864043165342,-0.11168362761369688
2023-04-06,-0.06261332486554218,-0.9325801743590542,0.02212499647045955,0.03912263548166391,-0.30914693075801347,0.4277463768561559,-0.4584912586325972,-0.08579706764247756,-0.08594608262201099
2023-04-05,-0.1348065708155943,-0.8703441575378704,0.018632045463638825,-0.13078955009424242,-0.1821448479831846,0.4043019494764421,-0.3361893187132425,-0.07801882566578588,-0.014798887051359531
2023-04-04,-0.20034176837618287,-0.9564803115875545,-0.0187796155542334,-0.09295313049300624,-0.23143651202604995,0.4179224631726961,-0.38487444972248036,-0.04578144459584385,-0.10229182885148627
2023-04-03,-0.009783808781678914,-0.22666617716837187,0.02107835009641089,-0.06451756734808159,-0.07617320263768891,0.40819008129372114,-0.23965954356019165,-0.03683523883408077,0.04249236970646844
2023-04-02,-0.1833485510944119,-1.2989035551756527,0.0074420477713903095,-0.14819182570861741,-0.6254777230394268,0.3900476751783388,-0.7418720952888689,-0.0957062634124889,-0.04363745361349938
2023-04-01,-0.16297610661641354,-0.7426776737825322,0.050231647449854554,-0.11618172514412045,-0.7460046764678967,0.3882733076292755,-0.8528603549432456,-0.10152220516291506,-0.05109578410733364
2023-03-31,0.020980324523899724,-0.7321922444360178,0.05461827852037317,-0.1177153550601545,-0.20581072473449327,0.3890885253984213,-0.3542096706916704,-0.10527596610991699,0.11162086561770206
2023-03-30,-0.012698242626840182,-0.6128352961566329,0.0012133785510634102,0.048112066220131255,0.07680439953306885,0.4449177435451519,-0.10964083240405319,-0.04281613487084676,-0.04924112568688917
2023-03-29,-0.08996298913286069,-0.648554155330803,-0.03612725059482415,-0.09778406472847256,-0.16446470944678582,0.5126859086369282,-0.3469153499181045,-0.007230232232238749,-0.0015611677120175454
2023-03-28,-0.2559301222476647,-0.5665963122899254,0.006307354914167054,-0.043567297908738846,-0.1829839948222001,0.5219278373185775,-0.3658623645320178,-0.04486402299907572,-0.1901963331906328
2023-03-27,-0.11975298472848643,-0.9736247692137832,-0.03383060846438736,-0.19137825428618183,-0.06031734818442411,0.5459692291861741,-0.26152570620941556,-0.0316241294670251,0.046388495075596475
2023-03-26,-0.08940510412354613,-0.9629212548330804,0.030117073210189103,-0.04331218447079656,-0.4922858796154578,0.6160380304763223,-0.6622991716273834,-0.09599093987206755,-0.044199630528444334
2023-03-25,-0.12912930954028115,-0.9544035472787883,-0.00781774580431218,-0.15303455709735958,-0.37485759893690135,0.6210032432985998,-0.5592119759890882,-0.056798743064363194,0.007797939557686416
2023-03-24,-0.49447350699239306,-1.0219529085854442,-0.1369158604554481,-0.059873175597638086,0.3067142724758853,0.6225846697094534,0.04394214703744761,0.07002840302709416,-0.3867124834584177
2023-03-23,-0.5377764217302474,-1.3393855897702487,-0.26492900455976837,-0.6681012151052078,0.5221660939397126,0.6999171216610628,0.20862200967414754,0.17879650181744325,0.056836345799510975
2023-03-22,-0.8892047461477398,-1.7897832297623646,-0.36030234272942324,-0.6040751153996169,0.5465722144244458,0.7537397799989043,0.2119991455493551,0.2453184794889847,-0.3023888650968661
2023-03-21,-1.3333211100298377,-1.2549693336088497,-0.4456773667520176,-1.0451950051825647,0.13666946738286617,0.8437586364419697,-0.16662392666676698,0.368509905315418,-0.3430378170864448
2023-03-20,0.017632349527319457,-0.44433982434206676,-0.2902130471753045,-1.4473739668959593,0.7628202195495228,0.8571071304292779,0.3623398930051943,0.26526247842139816,1.1614421791784688
2023-03-19,-0.14274196974502956,-0.2502986645812362,-0.11954196014127538,-0.07261999963042977,-0.23182950020237014,1.0082155126105865,-0.5139593753097689,0.10470024705130658,-0.06782156893665596
2023-03-18,-0.026001040597519887,0.038944047609929644,-0.12251076200907707,-0.32549935169687894,0.06558141400729373,1.0096345631894592,-0.26768972886308545,0.12734741123116886,0.2348876405944742
2023-03-17,0.05598411792464151,0.7327444124104454,-0.046322967269811,0.07463649054656941,0.7601231848313474,1.0150439153095507,0.3062791300659931,0.09686954254927481,-0.009943032867819883
2023-03-16,0.10754958227685427,0.15555262880277096,-0.014247286550957756,0.01313719359204108,0.4055810445256368,1.1195214585872528,-0.016465359713373023,0.02505675282797819,0.08402048933255844
2023-03-15,-0.5284845443513108,0.49342334728801945,-0.2137037919177411,0.17769347161502222,0.936416682027382,1.2301149449159035,0.37842537171443547,0.2510103271890915,-0.6046660799061842
2023-03-14,-0.5305385452976101,-1.2250644232048506,-0.26173141398803995,-0.5639308777035424,1.1213157800826414,1.3729214578078999,0.47673110579214795,0.18329835819777424,-0.01928637816800228
2023-03-13,-5.830535236312143,-0.7510417305167574,-1.8354595522320507,-0.7348487705897255,1.6111855875282788,1.5528957847266454,0.7900176197117292,1.8173760429695067,-4.537031719764288
2023-03-12,-21.029997281858872,-12.779150091997378,-8.612060538640286,-5.805842539209536,1.8871114807360894,1.6950501324220626,0.9429885677141769,7.899242431267696,-13.866249041158001
2023-03-11,-0.30388230037712305,-1.2740468176807274,-20.11139493016082,-20.97194785682786,7.868854422306216,1.5904725460320313,5.510569308145867,20.38516506342637,16.337803799238973
2023-03-10,0.049215024485529786,0.8284986121450643,0.011788867955529459,-0.34274752699759636,1.0484253935945202,2.099278979897395,0.20381919038804971,0.04421381388040217,0.3145789912298681
2023-03-09,-0.053768287446419594,-0.801729153447145,0.037718970225243835,0.04741087292689892,-0.3276697448109573,2.2146377185495605,-0.7783892727787197,-0.09279207101987542,-0.0847429189441892
2023-03-08,0.10889608662002244,-0.6239526764558766,0.08109912558351576,-0.05459616150679985,-0.507652560015135,2.223892313528443,-0.9039127399147687,-0.12488702978543335,0.1388306953233824
2023-03-07,0.014838269897520483,-0.43296470718303637,0.08608539780583882,0.10161363062719435,-0.39765312757223653,2.245587359285357,-0.8305355430688331,-0.11700403090717637,-0.06742576836735217
2023-03-06,0.07392088565726353,-0.8487710867607607,0.08496904108300435,0.007234930381595257,-0.6168978382178828,2.2609963270276205,-0.9830822885037627,-0.14408024289862342,0.05916970107376254
2023-03-05,0.08542169509949687,-0.5468521819181948,0.07613911863477467,0.049086068681260545,-0.8161821407847918,2.3094223994527816,-1.123930462206989,-0.11460689705747634,0.03613095553992277
2023-03-04,0.0354687112570979,-0.7423232856007382,0.08447346988317446,0.07696642830368726,-0.8810691880196949,2.2836828502124646,-1.1663423657247158,-0.13635328640339295,-0.029799028100230725
2023-03-03,0.26002041975973894,-0.22520649437801055,0.03688459351511779,0.04186252431243576,-0.20308139226370311,2.2342077834444165,-0.694935248363044,-0.05282554751617195,0.19513712087086524
2023-03-02,0.09065544111705783,0.07194675680489185,0.040541413398689066,0.259068022423643,-0.39669669932234536,2.170949814575544,-0.8208041846201636,-0.036385944386354736,-0.1255278908934406
2023-03-01,-0.002511355447406489,-0.6246837569704008,0.0916019312119894,0.14934786176324247,-0.35852387886342924,2.0714599434587906,-0.7814803815205641,-0.13562755480297936,-0.1204513691357565
2023-02-28,0.10190756284350005,-0.8080486629799397,0.07139534591955277,-0.0498094665958109,-0.5612190822395722,2.050973372660827,-0.9222445795401113,-0.12750040340302773,0.12890532470209726
2023-02-27,0.13187709235164666,-0.2858266993500788,0.08003133483826698,0.09671338811659069,-0.5049832901634199,2.0727047850520495,-0.8849675540030433,-0.1008581842894034,0.03920687471437839
2023-02-26,0.12413851578536526,-0.676337693123613,0.0878813478340272,0.14182201534369954,-0.776588970936798,2.0826101684451395,-1.077459011951159,-0.13534506428198767,-0.003301989685550122
2023-02-25,0.0857787681031243,-0.7301551319517495,0.08575237395954227,0.2529747927956857,-0.712476382411025,2.0699864366361562,-1.0310930742685465,-0.13682948471024858,-0.12498497860788929
2023-02-24,0.09941004663952238,-0.6123024747645982,0.046896288084562275,0.07477510709668037,-0.1494146097500099,2.074509312231786,-0.6343899863706685,-0.08928111740159302,0.028072502648796384
2023-02-23,0.15056989733767995,-0.3584564506736944,0.061140656271802964,0.10307647762390089,-0.22273418205846765,2.007806637893805,-0.6764516191185675,-0.08655710166331873,0.05058001143016459
2023-02-22,0.11287243031020422,-0.47967703470558193,0.07314355592216852,0.14892685085844867,-0.10382414220156976,1.9895847862557068,-0.5889050663384346,-0.10699983088458088,-0.018818189293811415
2023-02-21,0.12936029287547404,-0.9209274944285383,0.06058280829117628,0.0889272670044808,-0.19075353263549108,2.0000606731942123,-0.6525250248032832,-0.12415305887816601,0.04316196152521568
2023-02-20,0.023254420748081123,-0.6439099353844209,0.05399418918938978,0.14717792289654288,-0.43731018983637265,1.9673004000292023,-0.8241516103851897,-0.0986507226466792,-0.09611255300003851
2023-02-19,0.03550461803960207,-0.7233994523494777,0.05286940775615799,-0.03445178509540868,-0.5227412058737481,1.9541087864788076,-0.8837769225257714,-0.1028991783037164,0.05844815313311501
2023-02-18,0.03779600271456413,-0.6822730756059651,0.09531788925873724,-0.041384824566709284,-0.6989087929033143,1.9507346186012793,-1.0098251503068945,-0.1433175184918693,0.06594909932250242
2023-02-17,-0.06372444030131424,-0.22422015524293704,0.06929214174746398,-0.00643207160081686,0.006406034352361461,1.9498796850276086,-0.5034343061962079,-0.08574662290657219,-0.05085351679712775
2023-02-16,0.05616963630081463,-0.3595270499356884,0.05481089052670813,-0.06304071123185488,0.3367812600294843,1.9043963131789685,-0.25685734678983974,-0.08018660411629389,0.09922611976255745
2023-02-15,0.09274401896506611,-0.1929323874588854,0.0821242972055554,0.0941231756670696,-0.14785139880955447,1.871724877596324,-0.6018260064821975,-0.09668573203444472,0.006901258621685116
2023-02-14,0.12293630351253755,-0.1159805872627958,0.06857604136370943,0.08339366483159195,-0.16443996042481807,1.8518966002103465,-0.6107273901012809,-0.07767361552312825,0.0419033390654919
2023-02-13,0.13742203048399768,-0.4797142082908424,0.046866553812569545,0.11157927579295344,0.08957014204342365,1.8015278908770724,-0.41638747532753934,-0.08025470450972974,0.032304883368884395
2023-02-12,0.03417540214721456,-0.30829441441817923,0.07297109714462537,0.09018145185404862,-0.7709173279369177,1.8469710793884913,-1.0517835471620471,-0.09519593083435787,-0.04139750260330254
2023-02-11,0.05190271364868528,-0.7071620302087764,0.07226044804406152,0.024461723342087228,-0.8078742015954625,1.8600081208294104,-1.0798951975533446,-0.12153581783083574,0.026199747152227358
2023-02-10,0.1257470066527196,-0.48924055913169445,0.05847910854788334,0.06495618902387353,-0.3598344329880512,1.871259524484375,-0.755647541088309,-0.09272161653873773,0.0589688819057759
2023-02-09,0.06426994045343286,-0.19509836837304706,0.05210953191642738,0.13199203743967103,-0.07235991385886559,1.8883270915389243,-0.5497998848051977,-0.06628033562310442,-0.048079993928050804
2023-02-08,0.056131069756572394,-0.7547813932168494,0.06345959910622513,0.05064771683617119,-0.3848501857126094,1.8958959994775566,-0.7771200642684652,-0.11580832251738221,0.009179155113969878
2023-02-07,-0.05850798273460778,-0.6471316461262523,0.054580284728396725,0.03679638433498058,-0.3522734419121654,1.9389066420252115,-0.759423888607572,-0.09946590957871743,-0.08050003024429052
2023-02-06,0.021921880153557945,-0.303850931832974,0.05851875424386753,-0.010994620601038618,-0.5653421271795621,1.9591777028809478,-0.9149130492631136,-0.08018324113388402,0.027951077105376164
2023-02-05,-0.028313703365795875,-0.680218615448135,0.004842611637853861,0.008075477547074562,-0.6256674276330193,1.9826968198242092,-0.9606668784026465,-0.05108234559277264,-0.031251464408002555
2023-02-04,0.035758625278647864,-0.7160539518571116,0.08628164400097982,-0.01688434933615446,-0.7877915364809921,1.9685719146226053,-1.0752335851355093,-0.1364114659988074,0.044762093325739966
2023-02-03,-0.09197443389253215,-0.2176800824367166,0.0855638917132175,0.06776612345159128,-0.44583686519050886,1.9688135675046021,-0.830446399820562,-0.10186607011259756,-0.13440187976603343
2023-02-02,0.10632476202976977,-0.311751557868311,0.03683305411034384,-0.12428636939263112,-0.15945135702915195,2.0413948918503158,-0.6364922176152902,-0.058645188547219104,0.1917506325180825
2023-02-01,0.05999237875479419,0.4715603225443376,0.06244037433856202,0.15212535401992242,-0.4378314245377607,2.0282903756682606,-0.8321336542232932,-0.03156325948571633,-0.06777603435786526
2023-01-31,0.062358236756355004,-0.3726567603290268,0.08320728546760944,0.08454462459063072,-0.614561682033718,2.045321696785361,-0.9593964043271515,-0.10998245996889734,-0.012191740527729318
2023-01-30,0.09832419893959751,-0.6136878103838883,0.05891785425014384,0.11617574160856692,-0.3991409356055223,2.09684682083412,-0.8133280376634243,-0.10161199679280684,-0.0056598635790358525
2023-01-29,0.12413452614297964,-0.466363934623528,0.08391925609137216,0.042492934686504315,-0.6136144118231678,2.159432939016262,-0.9705827829683135,-0.11706523718677093,0.07533856297811005
2023-01-28,0.036392313495504036,-0.7843715672641025,0.08067755968284046,0.1374261011325472,-0.7596831198075594,2.160600232206748,-1.0724979926969815,-0.1353423738960747,-0.07685726394174879
2023-01-27,0.03518411675887642,-0.4789310847567334,0.07156350974670879,0.061332251025117294,-0.38028916455057243,2.1593158519986595,-0.8079366176216262,-0.10534087167013254,-0.017670484397891623
2023-01-26,0.06759597241644923,-0.600813358610549,0.0795711143840158,0.01237553988856688,-0.5078749621851467,2.1949425595739154,-0.9008549389878726,-0.12176164209854035,0.049546726757856055
2023-01-25,0.003887366179682783,-0.18568353828907688,0.05842690838150996,0.0877394411415881,-0.1874654832333346,2.2274790180145914,-0.6832161757514241,-0.07207206390029526,-0.06605506079055531
2023-01-24,-0.0671395742800458,-0.6441528028093331,-0.009492611269336081,0.010900158416448499,-0.39445597979284475,2.2480845447875,-0.8286342168435988,-0.03404329085142952,-0.0675746314133089
2023-01-23,-0.0600413353348181,-0.3846910890707478,0.04569403235376512,-0.06293969810757016,-0.45034988889956135,2.226429829718556,-0.8646192409719777,-0.0726138403637887,-0.002879919166784484
2023-01-22,-0.04412798128931972,-0.4848119459808135,0.0469038868429649,0.02420144864968398,-0.5189552295668298,2.2256072993960694,-0.911908845520426,-0.08063858894991421,-0.05790320363530938
2023-01-21,0.24695966010057901,-0.1895991559601721,-0.0005914917587264557,-0.07588928571098545,-0.3347785301573243,2.203612021709837,-0.781901765474103,-0.012262262786855533,0.2769008786175457
2023-01-20,0.07628607871850056,0.24672704280567936,0.08587378890351563,0.23741950897928454,-0.44155521393812797,2.1630484640684813,-0.8510842478331636,-0.0706713817336033,-0.12100303807108523
2023-01-19,-0.0867859038232633,-0.6768234279739876,0.09854191029446123,0.059475674040193806,-0.5650983569663366,2.1247364349289573,-0.9330375949338333,-0.1462295249459705,-0.12328268589340324
2023-01-18,-0.07893894196921944,0.25500436117374653,0.0404376738275234,-0.0727040543469777,-0.16793686304827993,2.159878046738739,-0.6600028239785438,-0.023859843867261588,-0.011739897399824185
2023-01-17,0.05407573892947786,-0.5533005598808829,0.07791210719737823,-0.09826627336548054,-0.6129442856695378,2.239264796454057,-0.9781957788897202,-0.11684916556801016,0.1252777365924425
2023-01-16,-0.018114847258910008,-0.2136232051406412,0.0793170515488971,0.013444656897302046,-0.6363348322336364,2.287821110010527,-0.9990433664448567,-0.09523208289508664,-0.026548559707120688
2023-01-15,0.11859623741460466,-0.6642934514260427,0.06586444094860998,-0.012679401542431737,-0.7306623438358861,2.294750873093934,-1.0642509199801562,-0.11211660859549331,0.1141591264965117
2023-01-14,0.16882118188730152,0.5052693298631001,0.04019946927080937,0.10351444693651334,-0.136487586613839,2.2557405448978014,-0.6521131391843622,-0.006636833989017012,0.06625674961752719
2023-01-13,0.10228258923837957,-0.10581732899128986,0.07579915679167493,0.22366992692435098,-0.41819096240521586,2.218850592307999,-0.8415077579972584,-0.08433652438922218,-0.08729343913258351
2023-01-12,0.12482539923550626,-0.33260346108729594,0.021454984208288213,0.09492906869510302,-0.0385162943598737,2.300269033768142,-0.5915241736042067,-0.04440648924449591,0.03442866282537191
2023-01-11,0.05385830341333385,-0.4874909223747609,0.09175010700074888,0.13873927174808484,-0.6715327665368798,2.286897874419329,-1.0230622489965508,-0.12646981744870697,-0.06256290886400355
2023-01-10,0.05170921598744562,-0.8584709143333785,0.09235586019734347,0.03249042341689128,-0.7325913080851981,2.2549381111053264,-1.062069039914301,-0.15225750273625066,0.019673124193374414
2023-01-09,0.20654591147203874,-0.5518532682856084,0.07282556440228194,0.07572256596304137,-0.36940003082860196,2.2427977081939017,-0.8107318598192989,-0.11157331878989117,0.12138102744680956
2023-01-08,0.012287558460184152,-0.5387012537407836,0.11331753080791943,0.1863319370458054,-1.0337367954939751,2.3043541287788396,-1.272184277937381,-0.15189816806756865,-0.13674107280682488
2023-01-07,0.058306754799103036,-0.6287877208081363,0.12073325824223823,0.028392387323968402,-1.1116152582397592,2.278528218085757,-1.3240489203579755,-0.16555910699516585,0.028709986751736326
2023-01-06,0.05399062655622214,-0.5901990608346914,0.1072591728899421,0.05112181493033784,-0.8287059376803558,2.2560864758431856,-1.1282794011793484,-0.14922543781075553,0.006924609687715001
2023-01-05,0.05610048249754435,-0.9035352128989226,0.1088205525502225,0.05689357213351403,-0.9294427343001885,2.2693937169849896,-1.1984959753576931,-0.17207471723243176,0.0042071293771097805
2023-01-04,0.12110971218871543,-0.6924016385314481,0.09767664297955721,0.04438416580887368,-0.8141413918078544,2.343637194830232,-1.1252470955731089,-0.14640574522334418,0.07118557588252364
2023-01-03,0.05495678498118231,-0.8171413219894517,0.09287373210115875,0.11406921244032583,-0.9558855590326752,2.3403423174134823,-1.2213710739310135,-0.14998042735794456,-0.042065926868910315
2023-01-02,0.05798425869718458,-0.9032774760396861,0.1159143238950398,0.03339880421331774,-1.1145433424799949,2.4300238432329415,-1.3338036104729551,-0.17927805736906263,0.024463011615331026
2023-01-01,0.06332771988337703,-0.5421385712786664,0.11686466426593016,0.036771315384402474,-1.244939390414611,2.4106773411077254,-1.4206647062641689,-0.15574205694272947,0.02648404638122223
