Date,open,high,low,close,volume,marketCap,vol/cap
2024-04-30,3215.381183,3249.378485,2918.228869,3012.286744,18266894653,367514000000.0,0.049703942306959736
2024-04-29,3262.340897,3285.468635,3116.199936,3215.42897,15032246816,392453000000.0,0.03830330464030088
2024-04-28,3252.245585,3351.176536,3249.149206,3262.774742,11379192678,398179000000.0,0.028578083419768495
2024-04-27,3129.727002,3279.451266,3071.339988,3252.168176,11820785577,396941000000.0,0.02977970423060354
2024-04-26,3156.384131,3166.188615,3103.104092,3130.164711,10622333862,381981000000.0,0.02780853985407651
2024-04-25,3139.624332,3190.976198,3074.804623,3156.509542,13989030260,385231000000.0,0.036313355519156036
2024-04-24,3219.956972,3292.921746,3105.982109,3139.805269,14000234760,383182000000.0,0.036536775631423185
2024-04-23,3201.588588,3264.419441,3154.589743,3219.911541,11054442653,392971000000.0,0.02813042858887806
2024-04-22,3147.66359,3236.659144,3131.367493,3201.652057,12063858733,384422000000.0,0.031381811480612455
2024-04-21,3157.571008,3197.506402,3119.552108,3147.288474,9394387894,377899000000.0,0.024859520385076436
2024-04-20,3059.477948,3170.6728,3021.784838,3157.627204,9918642130,379136000000.0,0.026161172059630318
2024-04-19,3065.953093,3127.115046,2868.795826,3059.278455,20399982867,367362000000.0,0.05553100992209319
2024-04-18,2984.705443,3094.842077,2956.127508,3066.02763,15183777035,368135000000.0,0.041245132994689446
2024-04-17,3084.923489,3123.669772,2918.553592,2984.727628,17711869375,358379000000.0,0.0494221742205877
2024-04-16,3101.140572,3127.16099,2997.754754,3084.920165,19441391169,370408000000.0,0.05248642353566878
2024-04-15,3156.830173,3277.561626,3026.538852,3101.600446,21925843181,372352000000.0,0.05888471978396786
2024-04-14,3005.54764,3174.666604,2914.422807,3156.941967,25486284994,379049000000.0,0.06723744158143143
2024-04-13,3242.940929,3299.663858,2862.393664,3004.900445,29930408174,360877000000.0,0.0829379765792777
2024-04-12,3505.329736,3552.588991,3103.430083,3243.034955,22104869556,389383000000.0,0.05676896412015933
2024-04-11,3543.452188,3616.194237,3477.171217,3505.247854,14076734489,420887000000.0,0.033445400995991796
2024-04-10,3505.156036,3561.516269,3415.180336,3543.737133,16872482726,425463000000.0,0.03965675681786665
2024-04-09,3695.341841,3724.922471,3455.107597,3505.163355,18279773833,420866000000.0,0.043433714847481146
2024-04-08,3453.498717,3727.616557,3409.5118,3695.292844,19055143129,443702000000.0,0.04294581302090142
2024-04-07,3354.213768,3458.508235,3346.114717,3453.494569,9931108526,414660000000.0,0.023950003680123476
2024-04-06,3318.864786,3397.592535,3308.983289,3354.183863,8956926798,402735000000.0,0.02224024929047637
2024-04-05,3330.005829,3345.666465,3214.244077,3318.885169,15214447092,399770000000.0,0.03805800108062136
2024-04-04,3311.495373,3443.207469,3253.319235,3330.040594,14476330517,399909000000.0,0.03619906157900923
2024-04-03,3277.32433,3368.111588,3205.649117,3311.441783,16010734587,397609000000.0,0.040267535661919124
2024-04-02,3504.81833,3506.962851,3215.985127,3277.234699,22076539151,393511000000.0,0.056101453710315594
2024-04-01,3647.819702,3648.129226,3418.695299,3505.030039,16002098681,420826000000.0,0.03802545156668077
2024-03-31,3507.951548,3655.218996,3507.242781,3647.85638,10499881424,437996000000.0,0.02397255094567074
2024-03-30,3511.827622,3566.084552,3489.902001,3507.944363,9389066783,421202000000.0,0.022291125832735837
2024-03-29,3561.011815,3583.701439,3475.725472,3511.806166,12712701619,421668000000.0,0.03014860416014495
2024-03-28,3500.216139,3609.70527,3465.332354,3561.294058,16419674157,427577000000.0,0.03840167772588329
2024-03-27,3587.313618,3664.382987,3460.393647,3500.115224,18753082145,420282000000.0,0.04462023628182982
2024-03-26,3591.085207,3678.789811,3545.428736,3587.505002,18505553577,430743000000.0,0.04296193687883494
2024-03-25,3454.885664,3657.118918,3421.790497,3590.883773,18603921705,431197000000.0,0.04314483102850901
2024-03-24,3336.666102,3470.34448,3301.277238,3454.636468,12156660941,414841000000.0,0.029304386357664743
2024-03-23,3335.592459,3433.758157,3273.115386,3336.594078,13242137554,400645000000.0,0.03305204745847321
2024-03-22,3492.897954,3541.898287,3254.96928,3333.687991,20574952329,400516000000.0,0.0513711120879066
2024-03-21,3514.01748,3586.904915,3412.222704,3492.991332,22213647922,419407000000.0,0.05296441862439111
2024-03-20,3158.396844,3534.826446,3059.6549,3513.393032,36605316331,421948000000.0,0.08675314572174771
2024-03-19,3518.347631,3546.582252,3149.286769,3157.618179,34166976701,379252000000.0,0.09009043248552413
2024-03-18,3642.298884,3642.496986,3456.091197,3517.98513,21162220224,422636000000.0,0.05007197736113346
2024-03-17,3523.02984,3676.263527,3414.172381,3642.413006,19938757095,437365000000.0,0.04558836919963875
2024-03-16,3736.104905,3780.894495,3468.079304,3522.8602,20199855932,423047000000.0,0.0477484911416462
2024-03-15,3882.856819,3928.775574,3571.774698,3735.220255,33505075433,448642000000.0,0.0746810941307323
2024-03-14,4005.745187,4011.10277,3721.788672,3883.140356,25434810823,466276000000.0,0.05454883121370176
2024-03-13,3980.265151,4083.007249,3936.627189,4006.456952,22028114691,481048000000.0,0.045791926566579634
2024-03-12,4066.690353,4092.284142,3831.889857,3980.273244,26917010932,478004000000.0,0.05631126712747174
2024-03-11,3881.237735,4087.04997,3745.125247,4066.44499,28806262507,488402000000.0,0.05898063993800189
2024-03-10,3915.59061,3968.723751,3800.564417,3881.193189,15783924355,466138000000.0,0.033861054784205535
2024-03-09,3892.119246,3950.396448,3880.659028,3915.418867,11926623780,470283000000.0,0.025360525003030092
2024-03-08,3874.830822,3998.826297,3828.363362,3892.061139,26135487051,467479000000.0,0.055907296479627965
2024-03-07,3818.311055,3939.593997,3738.685303,3874.347702,22457177587,465422000000.0,0.04825121628758417
2024-03-06,3554.067822,3901.434321,3502.802469,3819.226313,34938642613,458655000000.0,0.07617630378607014
2024-03-05,3631.92894,3828.159598,3224.119444,3554.964648,47706899137,426940000000.0,0.11174146047922424
2024-03-04,3489.340085,3641.459219,3446.017496,3630.433819,26772963830,436135000000.0,0.061386872940717895
2024-03-03,3422.875228,3491.168524,3372.214128,3490.993637,13643324467,419395000000.0,0.032530965955721934
2024-03-02,3436.159127,3459.747409,3398.898991,3422.049921,12024340617,411121000000.0,0.029247692569827375
2024-03-01,3341.965797,3452.626259,3341.851057,3435.053929,16880101987,412695000000.0,0.04090212381298538
2024-02-29,3386.802669,3518.969143,3303.905366,3341.919603,28469171094,401522000000.0,0.0709031412824204
2024-02-28,3243.893191,3485.450847,3201.575922,3385.70397,32885894265,406796000000.0,0.08084124294486672
2024-02-27,3178.404967,3287.958052,3167.830539,3244.519247,21090315368,389841000000.0,0.05409978778014626
2024-02-26,3112.529021,3197.375047,3037.954547,3178.993694,17504464351,381973000000.0,0.04582644414919379
2024-02-25,2992.366715,3117.429025,2984.392995,3112.697353,14620450464,374009000000.0,0.039091172843434246
2024-02-24,2921.962984,3003.195178,2907.700626,2992.386096,10701688842,359555000000.0,0.02976370469608266
2024-02-23,2970.139557,2991.329535,2906.58375,2921.658309,12822717059,351062000000.0,0.0365255056343324
2024-02-22,2969.599789,3030.665975,2907.109335,2971.007328,18058908246,356999000000.0,0.05058531885523489
2024-02-21,3015.653275,3017.190395,2875.418381,2970.355582,18897136867,356927000000.0,0.05294398257066571
2024-02-20,2944.106548,3031.524467,2879.903418,3013.5036,20341598470,362116000000.0,0.05617426037512841
2024-02-19,2881.296983,2983.370551,2860.263668,2943.574801,15163110589,353716000000.0,0.04286803703818883
2024-02-18,2786.709724,2892.843582,2767.913153,2878.998155,23355830478,345956000000.0,0.06751098543745447
2024-02-17,2803.735724,2805.1286,2724.387076,2786.672672,17932379943,334861000000.0,0.05355171233138526
2024-02-16,2825.48064,2858.450331,2760.331014,2803.691413,17057114638,336907000000.0,0.05062855517397976
2024-02-15,2777.601433,2865.845452,2764.010484,2824.378942,23734481937,339397000000.0,0.0699313250765328
2024-02-14,2641.685385,2786.89359,2621.025278,2777.902246,21448973822,333813000000.0,0.06425445929906864
2024-02-13,2659.586219,2686.455045,2599.169353,2642.185304,18271237044,317507000000.0,0.05754593455892311
2024-02-12,2507.578911,2663.842746,2473.811953,2658.116021,13022696866,319426000000.0,0.04076905720260718
2024-02-11,2501.129921,2537.679133,2495.214424,2507.570571,7347245813,301336000000.0,0.024382237147237636
2024-02-10,2487.65034,2516.719639,2475.857636,2501.22831,6474444159,300578000000.0,0.02153998016820925
2024-02-09,2419.773684,2522.72458,2419.362805,2487.515665,13634203177,298942000000.0,0.045608188802510184
2024-02-08,2424.080136,2459.556745,2414.749577,2419.906523,9941841732,290825000000.0,0.03418496254448552
2024-02-07,2372.262714,2442.636324,2353.706125,2423.745054,9660628536,291291000000.0,0.033164871334850715
2024-02-06,2298.955164,2389.826243,2296.788608,2372.201805,9520885493,285100000000.0,0.033394898256752015
2024-02-05,2289.205448,2334.6767,2270.067949,2298.888905,7277068110,276288000000.0,0.026338704938325228
2024-02-04,2296.11694,2309.011344,2272.304948,2289.546121,5438100035,275164000000.0,0.019763123210158304
2024-02-03,2307.98019,2327.346851,2293.538181,2296.038221,4647754021,275942000000.0,0.016843228000811766
2024-02-02,2303.705984,2323.053487,2282.230126,2308.03807,7186143091,277385000000.0,0.025906747268237287
2024-02-01,2282.175301,2309.842478,2243.57182,2303.824822,8895583113,276880000000.0,0.03212793669820861
2024-01-31,2343.558868,2349.611207,2264.443581,2282.544542,10807883277,274323000000.0,0.03939838539604772
2024-01-30,2317.435726,2388.870556,2298.28204,2344.493698,10173440062,281769000000.0,0.036105604456132506
2024-01-29,2256.995249,2320.027365,2237.711551,2317.06412,8948195551,278470000000.0,0.03213342748231408
2024-01-28,2268.1928,2306.898724,2242.683719,2257.208834,7296214994,271274000000.0,0.026896108709275494
2024-01-27,2267.319242,2282.544517,2252.385337,2267.886078,5144367230,272555000000.0,0.018874602300453118
2024-01-26,2217.441813,2280.383747,2196.140064,2267.199799,9975117607,272472000000.0,0.03660969790290378
2024-01-25,2233.969871,2240.380894,2173.686483,2217.710275,9302247037,266525000000.0,0.034901968059281495
2024-01-24,2241.749872,2261.38457,2197.65678,2233.561767,10134722960,268427000000.0,0.037755974473506766
2024-01-23,2310.95159,2348.031282,2167.282512,2240.68594,16182147521,269282000000.0,0.060093684394055304
2024-01-22,2454.987406,2463.447238,2303.502698,2310.826402,13923771728,277710000000.0,0.05013781184689064
2024-01-21,2469.798592,2479.760488,2452.377581,2453.913098,4578471955,294904000000.0,0.01552529621503947
2024-01-20,2489.847676,2489.847676,2456.095687,2469.589123,5297826161,296783000000.0,0.017850841055586066
2024-01-19,2468.688866,2501.305126,2414.710904,2489.498623,11405278376,299181000000.0,0.03812166673685829
2024-01-18,2528.593146,2546.264006,2426.135564,2467.018847,11900028080,296482000000.0,0.04013743863033844
2024-01-17,2587.044658,2592.737012,2508.432944,2528.369406,10441017520,303859000000.0,0.03436138972352308
2024-01-16,2510.627312,2613.566919,2500.003966,2587.691115,11063317095,310991000000.0,0.03557439634909049
2024-01-15,2471.666871,2550.769136,2470.820758,2511.363697,9700630000,301818000000.0,0.032140660928108994
2024-01-14,2578.00374,2578.332378,2470.424323,2472.241275,9405587417,297118000000.0,0.03165606734361432
2024-01-13,2522.933806,2589.07985,2498.594466,2576.597905,12250316867,309659000000.0,0.039560667918581406
2024-01-12,2619.176967,2710.421941,2460.925507,2524.460148,23623839263,303393000000.0,0.07786547238400358
2024-01-11,2584.171513,2687.779019,2567.993761,2619.619078,22575246883,314832000000.0,0.07170569345873355
2024-01-10,2344.923589,2626.976713,2341.943069,2582.103528,29042100476,310328000000.0,0.09358517592998376
2024-01-09,2332.868101,2369.641639,2243.219352,2344.827159,14891130716,281811000000.0,0.0528408426782489
2024-01-08,2222.857691,2358.815763,2171.993683,2333.032746,13830287095,280394000000.0,0.04932447589820039
2024-01-07,2242.012697,2257.128006,2211.56261,2222.865888,6490053615,267155000000.0,0.024293214107914882
2024-01-06,2269.539917,2271.359492,2219.782072,2241.62471,5970741680,269409000000.0,0.02216236903741152
2024-01-05,2269.409339,2276.764644,2209.537005,2268.647227,10860953290,272656000000.0,0.039833905323924654
2024-01-04,2210.529148,2294.60825,2204.865713,2269.038183,11044564896,272702000000.0,0.040500490997499104
2024-01-03,2355.981348,2385.117789,2113.925349,2210.761892,19332933581,265702000000.0,0.07276171643796434
2024-01-02,2352.593604,2431.212375,2348.892389,2355.836475,12910543630,283136000000.0,0.04559838250875904
2024-01-01,2282.870338,2352.327941,2267.017971,2352.327941,6906765990,282510000000.0,0.02444786375703515
2023-12-31,2291.945237,2318.512837,2261.394177,2281.471302,6871481744,274194000000.0,0.025060656848800485
2023-12-30,2300.399767,2322.021388,2270.01189,2292.065335,6888195427,275467000000.0,0.0250055194524208
2023-12-29,2346.843759,2386.00454,2262.975802,2300.690768,12536968996,276504000000.0,0.045341004093973326
2023-12-28,2380.200589,2445.017539,2338.703918,2347.566066,15660799060,282139000000.0,0.05550738841493023
2023-12-27,2231.393141,2392.608707,2215.14032,2378.74011,14161342927,285887000000.0,0.0495347564842053
2023-12-26,2272.218823,2274.557262,2180.225463,2231.465336,10668581464,268186000000.0,0.039780530915111155
2023-12-25,2265.34058,2303.551107,2254.574561,2272.561667,8036302656,273125000000.0,0.02942353375194508
2023-12-24,2309.626642,2325.70508,2249.984409,2265.692143,9450799236,272299000000.0,0.03470743277059409
2023-12-23,2326.71587,2332.071915,2270.428872,2309.046375,7995772945,277510000000.0,0.028812557907823142
2023-12-22,2239.598252,2341.947407,2233.532662,2326.524957,16137246310,279613000000.0,0.05771278985597952
2023-12-21,2201.790077,2278.121568,2184.856679,2239.542413,12616530536,269164000000.0,0.04687302364357789
2023-12-20,2177.239516,2263.329218,2161.218685,2201.911456,12652290807,264649000000.0,0.047807816417216764
2023-12-19,2218.241007,2253.348861,2139.723295,2177.872611,10619179629,261767000000.0,0.0405672969816669
2023-12-18,2195.341723,2222.019254,2120.127469,2217.273349,10366536490,266512000000.0,0.038897072139340814
2023-12-17,2226.892478,2244.366451,2195.761789,2196.481159,7410453853,264016000000.0,0.0280681998553118
2023-12-16,2220.415572,2260.809724,2213.550847,2226.92652,6866555430,267683000000.0,0.025651817373535113
2023-12-15,2316.110423,2316.892939,2214.263158,2219.33731,10259157898,266779000000.0,0.03845564267802188
2023-12-14,2260.735988,2331.601534,2239.366168,2316.579007,12608711052,278474000000.0,0.04527787532049671
2023-12-13,2202.600348,2283.099242,2150.754285,2260.648768,12576395493,271757000000.0,0.046278092166899105
2023-12-12,2224.390993,2242.551248,2166.770099,2202.037968,11391132228,264716000000.0,0.04303152143429184
2023-12-11,2352.496678,2354.91401,2160.358102,2224.578785,17989249470,267429000000.0,0.06726738487598577
2023-12-10,2341.440169,2376.749858,2323.405708,2352.462756,7369608905,282805000000.0,0.02605897669772458
2023-12-09,2358.68601,2401.760426,2331.666003,2341.175233,10613312823,281451000000.0,0.0377092738096507
2023-12-08,2357.169296,2387.514381,2340.920422,2358.731939,12543458699,283567000000.0,0.044234550208592675
2023-12-07,2233.217655,2380.729648,2225.050657,2357.579633,14766891042,283435000000.0,0.05209974435761286
2023-12-06,2293.628161,2310.713173,2225.081062,2231.661348,12790612571,268305000000.0,0.04767191282682022
2023-12-05,2243.092537,2306.570256,2191.176225,2293.841689,15383072559,275789000000.0,0.05577841233334179
2023-12-04,2193.66343,2273.069736,2193.007405,2243.215914,16149367134,269709000000.0,0.0598770049720254
2023-12-03,2165.895687,2213.175776,2151.720946,2193.691555,8278465782,263757000000.0,0.031386714976284986
2023-12-02,2087.66351,2182.817919,2087.408055,2165.704001,9130124831,260394000000.0,0.03506273121116462
2023-12-01,2052.096667,2109.319136,2046.557035,2087.140007,10866891430,250953000000.0,0.043302496602949554
2023-11-30,2029.35834,2054.44423,2022.461846,2052.556076,8107789163,246800000000.0,0.03285165787277147
2023-11-29,2049.186838,2071.99443,2020.756582,2029.929181,8945151861,244080000000.0,0.03664844256391347
2023-11-28,2027.517224,2074.954192,1996.814685,2049.338128,9910633038,246420000000.0,0.0402184605064524
2023-11-27,2062.390846,2070.606116,1988.12042,2027.417299,10574810069,243787000000.0,0.04337725173614672
2023-11-26,2084.177379,2094.096031,2038.600515,2063.286241,8054814154,248100000000.0,0.03246599820233777
2023-11-25,2081.296167,2091.342656,2067.917326,2084.413071,5362623390,250641000000.0,0.021395635151471627
2023-11-24,2062.411744,2132.481217,2060.999095,2081.152043,12141148820,250250000000.0,0.0485160792007992
2023-11-23,2063.905516,2088.031929,2041.464245,2062.210727,7828437946,247975000000.0,0.031569464446012704
2023-11-22,1933.583176,2089.514097,1933.163023,2064.425215,13372200584,248245000000.0,0.05386694831315837
2023-11-21,2022.21732,2035.03586,1937.066803,1937.066803,13653500841,232934000000.0,0.05861531953686452
2023-11-20,2011.853338,2066.409969,1996.044271,2022.239128,12866464824,243180000000.0,0.05290922289661979
2023-11-19,1963.180018,2015.633965,1944.900836,2013.204447,7716048818,242093000000.0,0.031872250820965495
2023-11-18,1961.671256,1971.462236,1921.062366,1963.285013,8064677046,236090000000.0,0.03415933349993647
2023-11-17,1961.867513,1990.050524,1910.445414,1961.280721,11881648738,235851000000.0,0.05037777553624958
2023-11-16,2059.965774,2088.662239,1940.574176,1960.881552,14651619483,235805000000.0,0.06213447332753758
2023-11-15,1979.472646,2061.991695,1968.774679,2060.408402,12626326991,247777000000.0,0.05095843032646291
2023-11-14,2054.765269,2065.066977,1939.280353,1979.052672,13087862495,237996000000.0,0.05499194312089279
2023-11-13,2045.354485,2116.010638,2031.95417,2055.26529,14322027970,247167000000.0,0.05794474169286353
2023-11-12,2053.118698,2066.003477,2019.028049,2045.187041,7951011698,245956000000.0,0.03232696782351315
2023-11-11,2078.058307,2089.530522,2035.082172,2052.713894,10228351203,246863000000.0,0.04143330998570057
2023-11-10,2121.067379,2134.691404,2068.134259,2078.289714,14740624457,249943000000.0,0.05897594434331027
2023-11-09,1888.940253,2130.885334,1884.204326,2120.560946,24709695029,255033000000.0,0.09688822634325754
2023-11-08,1887.119011,1904.546277,1874.545604,1889.322347,6751627017,227224000000.0,0.029713529455515263
2023-11-07,1900.599746,1907.56138,1852.790953,1888.124211,9203228152,227082000000.0,0.04052821514695132
2023-11-06,1894.027082,1914.582641,1871.973012,1899.837364,8104122602,228492000000.0,0.0354678614656093
2023-11-05,1857.395578,1911.608636,1848.620134,1894.157684,8867152645,227808000000.0,0.03892379830822447
2023-11-04,1833.368844,1867.261402,1825.736592,1857.698596,4845080427,223422000000.0,0.021685780393157345
2023-11-03,1800.91654,1835.072475,1779.635558,1832.795213,7622864055,220427000000.0,0.034582261043338614
2023-11-02,1847.259923,1873.884974,1790.11477,1800.621005,9004197724,216559000000.0,0.041578496963875895
2023-11-01,1815.872074,1858.31289,1786.409545,1847.089746,10628825648,222148000000.0,0.04784569587842339
2023-10-31,1810.131612,1819.972598,1784.567619,1816.458932,6477922747,218465000000.0,0.02965199344059689
2023-10-30,1795.589112,1829.249535,1779.364541,1810.088568,7534051038,217699000000.0,0.03460765110542538
2023-10-29,1776.56391,1810.4886,1766.053017,1795.545963,4358528382,215948000000.0,0.020183231064885992
2023-10-28,1780.08422,1800.605345,1773.436599,1776.618176,4226112731,213670000000.0,0.01977869018112042
2023-10-27,1803.794894,1804.135913,1751.440019,1780.045346,7493399771,214082000000.0,0.03500247461720275
2023-10-26,1787.481937,1865.095262,1764.013089,1804.0393,11196672635,216954000000.0,0.051608509799312294
2023-10-25,1784.905032,1814.484792,1762.147096,1787.397624,9439066475,214957000000.0,0.04391141705085203
2023-10-24,1766.014606,1852.684389,1758.690061,1784.43746,15888690475,214606000000.0,0.07403656223497945
2023-10-23,1674.849211,1794.070494,1663.448044,1765.382643,14362295879,211001000000.0,0.06806743038658584
2023-10-22,1629.297773,1667.66667,1623.984737,1663.429945,5248406817,200053000000.0,0.026235081788326092
2023-10-21,1604.822221,1641.241771,1593.448042,1629.304477,4212179634,195950000000.0,0.021496196141872925
2023-10-20,1567.570951,1628.609063,1562.302853,1604.666867,6747486127,192985000000.0,0.034963785408192345
2023-10-19,1563.958073,1573.737684,1543.585105,1567.457073,5035110867,188508000000.0,0.026710329890508627
2023-10-18,1565.382837,1584.726874,1556.736376,1563.749884,4354138855,188060000000.0,0.02315292382750186
2023-10-17,1600.635595,1601.294707,1554.402964,1565.439566,5032686973,188261000000.0,0.02673249888718322
2023-10-16,1558.313508,1628.15628,1555.989593,1600.534276,8846928526,192480000000.0,0.045962845625519534
2023-10-15,1555.076098,1565.760826,1550.554563,1558.069793,2923337883,187371000000.0,0.015601869462189987
2023-10-14,1552.263809,1560.325075,1545.738758,1555.256809,2429214718,187030000000.0,0.012988369341816821
2023-10-13,1539.432832,1571.750657,1537.921144,1552.089468,4575141511,186646000000.0,0.024512400538988247
2023-10-12,1566.356015,1566.878114,1523.237568,1539.61244,5003930677,185144000000.0,0.027027236513200537
2023-10-11,1567.68076,1578.223547,1548.980421,1566.254786,5416504273,188345000000.0,0.02875841818471422
2023-10-10,1580.11212,1593.741298,1553.031726,1567.712967,5254966125,188518000000.0,0.027875142559331205
2023-10-09,1633.454852,1635.447927,1553.007007,1579.806608,7020801716,189970000000.0,0.036957423361583405
2023-10-08,1634.657351,1641.182399,1618.189268,1633.548572,3315554175,196430000000.0,0.01687906213409357
2023-10-07,1645.810875,1648.183699,1631.158148,1634.511273,2578994988,196543000000.0,0.013121784993614629
2023-10-06,1611.365713,1659.609838,1611.365713,1645.831487,4941208729,197902000000.0,0.02496795751937828
2023-10-05,1647.788198,1654.37903,1609.849978,1611.476466,5403759057,193769000000.0,0.027887634539064555
2023-10-04,1656.735998,1657.253557,1629.426636,1647.83809,5127524863,198139000000.0,0.025878423041400228
2023-10-03,1662.887206,1670.356289,1644.496513,1656.685624,4742827302,199201000000.0,0.023809254481654208
2023-10-02,1732.984005,1743.563581,1646.077697,1663.627529,8420552922,200035000000.0,0.04209539791536481
2023-10-01,1671.161528,1750.595723,1670.082182,1733.810478,5054880180,208471000000.0,0.024247402180639033
2023-09-30,1667.834491,1692.531165,1666.563877,1671.161811,3155292192,200936000000.0,0.015702971055460445
2023-09-29,1652.999878,1687.28125,1648.656516,1667.943833,5529687537,200547000000.0,0.0275730254603659
2023-09-28,1597.672008,1666.024139,1597.294728,1652.882746,6658092168,198734000000.0,0.03350253186671631
2023-09-27,1593.108255,1631.910782,1585.368854,1597.491226,5533036096,192073000000.0,0.028806943693283283
2023-09-26,1588.023168,1598.097818,1580.16554,1593.417193,3544861160,191580000000.0,0.018503294498381877
2023-09-25,1580.747472,1595.844112,1565.025557,1588.322868,4394930984,190966000000.0,0.02301420663364159
2023-09-24,1593.825699,1600.207262,1576.783333,1580.853362,3086456944,190066000000.0,0.016238869361169278
2023-09-23,1593.213108,1598.001669,1588.329009,1593.857747,2101436678,191628000000.0,0.010966229768092346
2023-09-22,1584.002578,1601.537751,1579.101366,1593.26833,3460791634,191556000000.0,0.018066735753513332
2023-09-21,1622.591776,1625.20453,1573.305836,1584.307063,5191732312,190478000000.0,0.027256335702810823
2023-09-20,1643.495308,1649.619127,1610.420833,1622.890607,5156431986,195115000000.0,0.026427655413474103
2023-09-19,1637.312047,1659.531725,1628.413154,1643.544657,4405868861,197597000000.0,0.022297245712232475
2023-09-18,1623.081927,1669.015397,1609.957407,1637.346988,5916674789,196851000000.0,0.03005661535374471
2023-09-17,1635.201096,1635.512979,1616.779318,1622.896753,3032716258,195112000000.0,0.015543463538890483
2023-09-16,1641.446457,1649.988659,1632.577844,1635.221712,2819575929,196592000000.0,0.014342271959184505
2023-09-15,1626.870128,1652.113162,1613.248674,1641.640344,4348584771,197363000000.0,0.02203343469140619
2023-09-14,1608.031629,1640.522745,1607.735382,1626.974326,5538958553,195599000000.0,0.02831792878797949
2023-09-13,1592.892377,1615.050285,1582.217582,1607.988485,4979469106,193316000000.0,0.025758184040638125
2023-09-12,1551.4978,1619.113989,1549.493727,1592.429438,6813819740,191445000000.0,0.035591526234688815
2023-09-11,1616.769723,1618.305791,1533.426729,1551.637672,7693700923,186541000000.0,0.04124402100878627
2023-09-10,1635.211686,1635.433092,1604.040531,1616.82888,4339499949,194376000000.0,0.02232528681010001
2023-09-09,1636.050458,1636.870726,1629.660893,1635.162317,2081625742,196578000000.0,0.010589311835505499
2023-09-08,1647.807629,1657.136332,1617.796548,1636.13784,4598495496,196695000000.0,0.02337881235415237
2023-09-07,1632.262868,1657.303726,1623.220431,1647.598219,4907290296,198072000000.0,0.024775285229613475
2023-09-06,1633.912066,1656.93269,1611.147674,1632.252284,4987397046,196227000000.0,0.025416466877646808
2023-09-05,1629.911063,1645.948369,1610.14122,1633.629345,4417491902,196392000000.0,0.022493237514766385
2023-09-04,1635.724776,1642.65323,1618.523697,1629.655226,3887968912,195913000000.0,0.019845385002526632
2023-09-03,1637.043565,1645.645156,1626.089229,1636.117679,3151878318,196689000000.0,0.016024680170217957
2023-09-02,1628.559655,1644.030658,1627.976044,1637.025339,2943590996,196796000000.0,0.01495757533689709
2023-09-01,1645.581323,1653.531705,1603.034229,1628.491193,6104510092,195770000000.0,0.031182050835163712
2023-08-31,1705.364466,1720.01201,1634.850973,1645.639124,6593153505,197832000000.0,0.03332703255792794
2023-08-30,1729.676584,1730.564656,1697.147274,1705.112142,5023904190,204982000000.0,0.024509001717223953
2023-08-29,1652.274219,1742.637326,1639.576204,1729.72565,11304916729,207943000000.0,0.05436545942397676
2023-08-28,1657.439841,1659.328714,1627.446809,1652.457436,4855588534,198655000000.0,0.02444231725352999
2023-08-27,1646.271964,1659.267029,1645.902798,1657.513073,2624065031,199261000000.0,0.013168984552923051
2023-08-26,1652.927201,1654.777743,1643.712643,1646.306818,2423247747,197913000000.0,0.012244004926407058
2023-08-25,1660.269864,1671.970645,1635.96739,1652.935117,5396997823,198710000000.0,0.027160172225856778
2023-08-24,1679.248305,1682.489703,1641.627054,1659.944623,5104531920,199549000000.0,0.025580343274083057
2023-08-23,1634.401693,1696.593946,1629.581106,1679.274471,7191868448,201873000000.0,0.03562570748936213
2023-08-22,1667.279245,1668.638698,1596.384073,1633.892627,7244623133,196412000000.0,0.03688482950634381
2023-08-21,1685.022311,1685.082694,1651.959813,1667.2691,5077248383,200431000000.0,0.025331652204499303
2023-08-20,1669.587747,1692.328751,1662.901507,1684.85205,4105056995,202539000000.0,0.020267982931682294
2023-08-19,1660.844349,1693.228092,1654.075843,1669.471871,4871231360,200689000000.0,0.024272537906910693
2023-08-18,1682.038468,1698.124251,1644.93095,1660.945128,9645084584,199667000000.0,0.04830585216385282
2023-08-17,1805.567438,1807.714855,1551.71325,1684.933457,14208462072,202421000000.0,0.07019262859090707
2023-08-16,1827.036426,1829.361166,1798.966709,1805.659001,4976573383,216930000000.0,0.022940918190199604
2023-08-15,1844.164144,1845.547561,1816.325092,1826.932798,4483923893,219492000000.0,0.020428643836677418
2023-08-14,1839.323506,1853.836354,1834.800396,1844.185765,4083364724,221569000000.0,0.018429314227170767
2023-08-13,1849.053842,1859.916339,1834.804289,1839.280176,3054625661,220982000000.0,0.013822961422197282
2023-08-12,1847.171942,1852.281008,1845.719194,1848.889882,2291124840,222139000000.0,0.010313924344667078
2023-08-11,1850.741723,1855.066079,1839.569273,1847.124362,3353025102,221931000000.0,0.015108412533625316
2023-08-10,1854.348299,1863.31089,1845.442296,1850.753455,3760304518,222373000000.0,0.01690989696590863
2023-08-09,1855.779464,1869.736561,1845.489717,1854.297549,5870081833,222805000000.0,0.02634627514194026
2023-08-08,1826.930996,1873.847228,1824.430057,1855.807321,5812855406,222992000000.0,0.026067551329195665
2023-08-07,1827.239468,1842.522576,1804.716646,1826.938789,5837881974,219528000000.0,0.026592880971903356
2023-08-06,1834.845215,1836.24888,1824.986637,1827.462079,2963395076,219593000000.0,0.013494943263218774
2023-08-05,1827.798586,1836.4649,1824.807938,1834.987917,2866049749,220503000000.0,0.012997781204790865
2023-08-04,1834.890462,1847.912178,1817.41381,1827.712941,4861242484,219633000000.0,0.022133479413385056
2023-08-03,1838.897928,1856.407636,1825.347805,1835.136526,4710581074,220530000000.0,0.021360273314288306
2023-08-02,1873.468145,1877.51152,1822.348302,1839.089707,6448512422,221014000000.0,0.029176940926819116
2023-08-01,1856.190166,1873.029964,1817.920786,1871.79217,7634860636,224944000000.0,0.03394116151575503
2023-07-31,1861.755217,1875.629447,1851.91537,1856.16234,4391613314,223071000000.0,0.01968706516759238
2023-07-30,1880.871521,1884.144209,1851.727994,1861.643855,4003005547,223743000000.0,0.017891087305524644
2023-07-29,1874.560431,1885.529271,1870.33392,1881.068877,2497302218,226078000000.0,0.01104619740974354
2023-07-28,1860.702492,1881.457299,1857.048891,1874.744926,3800973336,225323000000.0,0.016868998442236258
2023-07-27,1872.086309,1885.591612,1855.321567,1860.357221,4291339248,223594000000.0,0.019192550998685116
2023-07-26,1857.696533,1886.974125,1849.436882,1872.159936,5781548155,225045000000.0,0.02569063145148748
2023-07-25,1850.027987,1867.323187,1845.981584,1857.741958,4163381707,223312000000.0,0.01864378854248764
2023-07-24,1888.809523,1889.761933,1836.85244,1850.002075,6344373569,222359000000.0,0.028532119540922562
2023-07-23,1866.094209,1904.48333,1859.568906,1889.191672,4480604100,227070000000.0,0.019732259215219976
2023-07-22,1891.955109,1897.088017,1855.092772,1864.912295,4101305643,224151000000.0,0.01829706600907424
2023-07-21,1891.581279,1905.386177,1885.296266,1892.080132,4668158260,227407000000.0,0.020527768538347545
2023-07-20,1889.073749,1919.26436,1879.734399,1890.969109,7366830684,227287000000.0,0.03241201953477322
2023-07-19,1897.797269,1919.26436,1883.067093,1889.007964,6018487800,227057000000.0,0.02650650629577595
2023-07-18,1911.69702,1916.468332,1878.71845,1897.599225,5814708445,228093000000.0,0.02549270887313508
2023-07-17,1923.694337,1936.177578,1875.120321,1911.646157,6678090758,229782000000.0,0.029062723616297186
2023-07-16,1931.644998,1942.030865,1917.294019,1923.681857,4329306566,231227000000.0,0.018723187888957604
2023-07-15,1939.129624,1946.019216,1928.187322,1931.466589,4380084234,232165000000.0,0.01886625561131092
2023-07-14,2005.686115,2026.204923,1901.36125,1939.34709,10627449471,233119000000.0,0.045588087933630464
2023-07-13,1872.040234,2011.885257,1864.496144,2006.511512,11114853969,241196000000.0,0.046082248333305695
2023-07-12,1878.322082,1901.148428,1865.71004,1872.113799,6379007000,225043000000.0,0.028345725039214727
2023-07-11,1880.654864,1889.381773,1863.218657,1878.336108,4905225892,225791000000.0,0.02172462982138349
2023-07-10,1863.240194,1905.460815,1848.777259,1880.556455,6336468234,226059000000.0,0.02803015245577482
2023-07-09,1865.595024,1878.668977,1857.74835,1863.00981,4392863807,223950000000.0,0.01961537757088636
2023-07-08,1871.002074,1872.501598,1844.641782,1865.539602,4299007854,224255000000.0,0.019170176156607432
2023-07-07,1847.512536,1876.963296,1832.025418,1870.602596,6468885150,224866000000.0,0.02876773345014364
2023-07-06,1910.41711,1956.012331,1847.850656,1848.636487,8905008384,222232000000.0,0.04007077461391699
2023-07-05,1936.79678,1942.432502,1897.124807,1910.588045,6034088075,229686000000.0,0.026271031212176624
2023-07-04,1955.524124,1966.365353,1932.611295,1936.633589,5683423776,232820000000.0,0.024411235185980585
2023-07-03,1937.883819,1974.775026,1934.688807,1955.389105,7858509087,235075000000.0,0.03342979511645219
2023-07-02,1924.448157,1958.160807,1895.907,1937.438391,6343966490,232916000000.0,0.027237143390750312
2023-07-01,1933.323888,1942.701544,1910.848573,1924.56595,5136809625,231370000000.0,0.022201709923499156
2023-06-30,1852.008481,1945.274313,1831.281002,1933.188982,12895131248,232408000000.0,0.05548488540841968
2023-06-29,1828.059364,1876.530333,1828.059364,1852.22729,5677228612,222678000000.0,0.0254952380208193
2023-06-28,1889.906534,1890.208996,1822.102815,1827.971191,7135265016,219762000000.0,0.03246814743222213
2023-06-27,1859.346213,1911.311156,1856.83839,1889.703373,7686042202,227117000000.0,0.03384177407239441
2023-06-26,1900.050252,1905.360467,1840.215042,1859.432858,8619702292,223482000000.0,0.038570006944630884
2023-06-25,1875.849107,1929.079055,1870.8501,1900.506136,6937581709,228425000000.0,0.030371376640035024
2023-06-24,1893.772001,1905.227459,1867.811536,1876.059702,5026191704,225490000000.0,0.02229008693955386
2023-06-23,1872.540772,1932.531665,1865.192017,1892.862108,8290615074,227515000000.0,0.03643986143331209
2023-06-22,1889.794427,1932.065572,1867.876586,1872.943047,8477657143,225124000000.0,0.037657722601766135
2023-06-21,1791.995029,1898.668911,1788.489239,1891.00715,11731457711,227300000000.0,0.051612220461944566
2023-06-20,1736.87979,1793.313912,1715.342562,1792.119945,7171072578,215424000000.0,0.033288178559491975
2023-06-19,1720.505338,1745.134696,1705.813435,1737.659409,5210480121,208882000000.0,0.024944610454706483
2023-06-18,1727.193705,1746.509208,1718.111451,1720.577492,3820038842,206832000000.0,0.018469283486114336
2023-06-17,1716.671714,1766.76314,1714.150895,1727.204152,4875187477,207632000000.0,0.02347994276893735
2023-06-16,1665.410676,1727.289566,1653.170927,1716.668853,6281023479,206369000000.0,0.030435886586648187
2023-06-15,1650.498211,1676.406559,1624.138332,1665.519818,7328564880,200225000000.0,0.03660164754651018
2023-06-14,1739.250117,1749.163181,1637.187697,1650.519241,7462905534,198432000000.0,0.037609385250362844
2023-06-13,1742.390139,1761.955437,1727.749876,1739.037544,6214125203,209079000000.0,0.029721422060560842
2023-06-12,1753.075431,1757.659735,1722.9064,1742.52864,6031384958,209499000000.0,0.028789564427515166
2023-06-11,1752.527621,1776.847194,1741.110489,1753.41524,4559112981,210808000000.0,0.02162684993453759
2023-06-10,1840.391986,1844.785693,1721.443118,1752.384727,10788500406,210685000000.0,0.05120677981821202
2023-06-09,1846.077869,1854.824946,1828.544519,1840.225178,4610831509,221249000000.0,0.02084001061699714
2023-06-08,1832.513546,1861.136145,1830.165058,1846.301869,4536041931,221983000000.0,0.020434186090826777
2023-06-07,1884.37293,1893.809067,1822.303042,1832.395961,7919894455,220312000000.0,0.035948538686045244
2023-06-06,1810.581454,1896.222644,1801.405247,1884.494838,8704411776,226580000000.0,0.038416505322623355
2023-06-05,1890.41766,1890.640483,1780.211528,1811.82836,9246593033,217846000000.0,0.0424455488418424
2023-06-04,1892.398214,1912.205726,1885.651902,1890.51356,3747042696,227308000000.0,0.016484429478944868
2023-06-03,1907.420824,1908.822295,1885.485508,1892.412529,3472274607,227537000000.0,0.015260263636243776
2023-06-02,1862.42376,1910.27845,1851.964709,1907.256636,6097746022,229334000000.0,0.026588931523454873
2023-06-01,1873.914732,1887.705305,1846.227414,1862.201451,5640027197,223922000000.0,0.02518746347835407
2023-05-31,1901.09826,1907.035394,1852.094754,1874.130435,5984512548,225362000000.0,0.02655510932632831
2023-05-30,1893.093175,1916.574959,1883.934712,1901.026568,5363439784,228601000000.0,0.023462013656983128
2023-05-29,1909.297536,1926.42177,1879.077565,1893.078085,5884674572,227651000000.0,0.025849544135540806
2023-05-28,1831.098654,1915.723226,1825.467263,1910.914158,6359610561,229799000000.0,0.027674665951548962
2023-05-27,1828.575673,1836.18458,1817.492093,1831.118308,3216737652,220204000000.0,0.014607989191840294
2023-05-26,1805.725432,1837.865797,1798.406029,1828.689744,5451414258,219915000000.0,0.024788733183275357
2023-05-25,1799.845157,1815.994713,1763.365121,1805.953683,6321689859,217184000000.0,0.029107530292286726
2023-05-24,1854.299709,1854.299709,1780.9255,1800.100017,7101647419,216485000000.0,0.032804339418435455
2023-05-23,1817.781157,1869.344019,1816.287938,1854.380631,6820047160,223020000000.0,0.030580428481750514
2023-05-22,1804.841868,1826.696581,1793.224036,1817.534825,4534841049,218594000000.0,0.020745496440890417
2023-05-21,1820.1381,1827.922002,1799.946875,1804.53138,3386768865,217033000000.0,0.015604856703819234
2023-05-20,1812.76606,1829.009603,1808.046731,1820.478001,2951655969,218954000000.0,0.013480712702211423
2023-05-19,1800.994364,1826.194197,1797.434451,1812.58951,4796110259,218010000000.0,0.021999496624008075
2023-05-18,1822.068213,1831.450317,1774.195012,1801.728481,5673124255,216711000000.0,0.02617829392601206
2023-05-17,1824.068405,1835.554602,1786.671999,1821.859581,6352161579,219139000000.0,0.028986905931851475
2023-05-16,1816.824251,1830.351593,1797.843779,1824.121455,5595959668,219418000000.0,0.025503649053404916
2023-05-15,1800.371161,1845.695461,1787.536434,1817.549887,6748889346,218656000000.0,0.030865328854456316
2023-05-14,1796.107966,1823.490768,1793.228755,1800.50101,4711210241,216605000000.0,0.021750237718427552
2023-05-13,1808.37501,1816.058519,1788.475576,1796.114927,4647630864,216077000000.0,0.02150914194476969
2023-05-12,1795.176614,1812.424872,1742.403755,1808.019745,9047198660,217509000000.0,0.04159459452252551
2023-05-11,1842.492124,1842.492124,1774.132548,1796.490614,8353828312,216135000000.0,0.03865097421518958
2023-05-10,1848.213545,1886.800299,1795.668877,1842.401436,9945549603,221674000000.0,0.04486565678879796
2023-05-09,1849.061041,1860.667478,1832.906998,1848.60313,6129516088,222434000000.0,0.027556560993373315
2023-05-08,1872.475138,1886.16213,1818.450565,1849.042756,9895102899,222504000000.0,0.04447157309082084
2023-05-07,1899.917643,1933.998353,1873.076471,1873.076471,6883942236,225415000000.0,0.030538971390546326
2023-05-06,1995.479181,2017.559483,1870.605586,1900.221784,9623243037,228705000000.0,0.042077099481865284
2023-05-05,1877.833177,1998.413555,1876.946625,1995.060885,9498261360,240145000000.0,0.03955219288346624
2023-05-04,1905.168984,1915.871686,1868.629728,1877.704143,6578438233,226030000000.0,0.029104270375613858
2023-05-03,1870.687116,1915.504184,1845.871832,1904.651898,8306390869,229285000000.0,0.036227362753778046
2023-05-02,1831.726531,1879.759574,1824.32707,1870.789266,7536785767,225222000000.0,0.03346380800721066
2023-05-01,1868.891061,1886.20645,1809.193215,1831.9548,8625783201,220556000000.0,0.039109265678557825
2023-04-30,1908.741305,1938.417972,1876.924327,1876.924327,6539641957,225975000000.0,0.028939670127226463
2023-04-29,1892.565031,1916.973787,1887.990529,1908.916986,4796651246,229831000000.0,0.020870340580687548
2023-04-28,1909.273125,1923.199259,1876.291844,1892.512762,7691759733,227867000000.0,0.033755478998714165
2023-04-27,1866.693277,1936.945154,1863.147985,1908.786404,14008145806,229823000000.0,0.060951888218324535
2023-04-26,1866.148934,1962.567659,1792.46381,1866.564237,14356524696,224743000000.0,0.06387974128671416
2023-04-25,1842.204391,1877.485,1805.322835,1866.753603,8677255481,224770000000.0,0.03860504284824487
2023-04-24,1862.085314,1888.193677,1811.792083,1842.757451,8438191338,221885000000.0,0.03802957089483291
2023-04-23,1874.171514,1882.229693,1838.992406,1862.062057,6607451862,224215000000.0,0.029469267720714492
2023-04-22,1849.286491,1886.781674,1845.849253,1874.228581,6970642726,225684000000.0,0.030886738652274863
2023-04-21,1943.409924,1955.649121,1827.788994,1849.999846,12044274581,222770000000.0,0.05406596301566638
2023-04-20,1936.417908,1979.573337,1918.132765,1943.09767,11324135406,233981000000.0,0.048397670776686996
2023-04-19,2103.946363,2104.857273,1928.582892,1936.403465,13779745451,233175000000.0,0.05909615289374933
2023-04-18,2075.855262,2121.531519,2057.653862,2104.537267,9134015143,253421000000.0,0.036042850209730054
2023-04-17,2120.00124,2120.113563,2063.038684,2076.243004,9648882546,250014000000.0,0.0385933689553385
2023-04-16,2092.280947,2137.44512,2076.832003,2120.00582,7898126856,255284000000.0,0.030938589398473857
2023-04-15,2101.616398,2111.075348,2076.51074,2092.466853,8036468153,251967000000.0,0.03189492335504253
2023-04-14,2013.93064,2126.316661,2011.503255,2101.6355,16298099411,253072000000.0,0.0644010376928305
2023-04-13,1917.698322,2022.150144,1901.860389,2012.634644,12546950499,242437000000.0,0.05175344728321172
2023-04-12,1891.949764,1929.881217,1860.036826,1920.682189,11010714187,231361000000.0,0.04759105548039644
2023-04-11,1911.375804,1936.728271,1886.534223,1892.189716,8877222956,227929000000.0,0.03894731673459718
2023-04-10,1859.741167,1917.300142,1848.164146,1911.207511,8380134275,230220000000.0,0.03640054849708974
2023-04-09,1849.672252,1873.057366,1828.700121,1859.387771,6361497715,223978000000.0,0.02840233288537267
2023-04-08,1864.679082,1879.107816,1848.875475,1849.498177,5016362733,222786000000.0,0.022516507917912258
2023-04-07,1872.734108,1882.299232,1845.993936,1865.636061,8356130492,224730000000.0,0.03718297731500022
2023-04-06,1909.143509,1909.27175,1857.085048,1872.922662,8263191830,225608000000.0,0.03662632455409383
2023-04-05,1870.965113,1937.497557,1865.941883,1909.114063,10319231689,229968000000.0,0.04487246786074584
2023-04-04,1810.142136,1886.594661,1802.955423,1871.005176,10398322335,225377000000.0,0.046137460055817585
2023-04-03,1794.922428,1839.157797,1765.518895,1810.297139,9643826401,218064000000.0,0.0442247523708636
2023-04-02,1821.192099,1824.328906,1774.872465,1795.708092,6199721188,216307000000.0,0.02866167617321677
2023-04-01,1821.704354,1840.173109,1811.118477,1813.860559,5556443606,218494000000.0,0.025430646177927084
2023-03-31,1793.620095,1844.677377,1783.142152,1822.022119,9149379763,219477000000.0,0.04168719165561767
2023-03-30,1793.345912,1827.280232,1766.248948,1792.737136,9724496987,215949000000.0,0.04503145181038116
2023-03-29,1772.899955,1825.60098,1772.899955,1793.001885,9136176952,215981000000.0,0.042300836425426314
2023-03-28,1715.327388,1791.110919,1702.564755,1772.785657,8346890042,213546000000.0,0.03908708213686981
2023-03-27,1775.481331,1781.379215,1690.516585,1715.460814,8585750760,206641000000.0,0.04154911542239923
2023-03-26,1743.842124,1797.880228,1741.182844,1775.67675,6990313307,213894000000.0,0.032681203339037096
2023-03-25,1751.469499,1762.674511,1716.652035,1743.764786,6614309912,210050000000.0,0.031489216434182336
2023-03-24,1815.819811,1819.935261,1730.349517,1752.044857,10913669383,211047000000.0,0.05171203278416656
2023-03-23,1737.140857,1853.888003,1732.524603,1816.405182,11012966854,218800000000.0,0.050333486535648994
2023-03-22,1804.957034,1821.458272,1717.765084,1737.716986,12484103560,209322000000.0,0.05964066634180831
2023-03-21,1735.61796,1836.288528,1725.007344,1806.760737,10758627746,217638000000.0,0.049433590393221774
2023-03-20,1785.416296,1807.725193,1728.103817,1735.321269,10978325507,209033000000.0,0.05251958067386489
2023-03-19,1762.963213,1843.844108,1762.963213,1785.576582,9170565472,215087000000.0,0.042636539967548015
2023-03-18,1793.592372,1840.357551,1751.262827,1761.659683,10317822213,212206000000.0,0.048621727062382776
2023-03-17,1677.296707,1799.344,1667.131893,1792.485141,12467445117,215919000000.0,0.05774130630931044
2023-03-16,1656.331996,1693.139229,1639.261667,1677.215503,9364980166,202034000000.0,0.046353485878614493
2023-03-15,1705.189973,1721.079236,1616.630387,1656.180522,12715339905,199500000000.0,0.06373603962406015
2023-03-14,1680.295255,1779.917899,1665.902327,1703.507126,16159781303,205201000000.0,0.07875098709557946
2023-03-13,1590.831187,1699.911726,1572.074653,1680.308996,15711468959,202406000000.0,0.07762353368477219
2023-03-12,1482.431942,1607.152592,1461.610924,1590.292948,11480965122,191563000000.0,0.059933103584721474
2023-03-11,1429.100799,1484.136997,1428.723175,1482.616649,14917080154,178593000000.0,0.08352555897487583
2023-03-10,1438.760168,1438.760168,1378.525402,1429.158133,12665194936,172153000000.0,0.07356941172096913
2023-03-09,1534.031658,1544.108432,1423.264718,1438.660722,9457897583,173298000000.0,0.05457591883922492
2023-03-08,1561.977865,1568.175315,1534.088232,1534.088232,7130327525,184793000000.0,0.03858548497508023
2023-03-07,1567.424628,1579.162273,1543.127506,1561.93312,6854058349,188147000000.0,0.036429272584734274
2023-03-06,1564.383128,1579.45633,1557.363501,1567.398702,5245153345,191809000000.0,0.02734571028992383
2023-03-05,1567.179295,1584.208891,1559.954049,1564.468721,5020886238,191450000000.0,0.026225574499869418
2023-03-04,1569.278135,1575.63726,1551.736875,1566.923943,4389045367,191751000000.0,0.022889295842003433
2023-03-03,1647.557784,1648.475374,1552.451519,1569.167653,9922240199,192025000000.0,0.0516716062960552
2023-03-02,1663.549112,1672.051088,1622.600028,1647.319279,7080950926,201589000000.0,0.03512568109371047
2023-03-01,1606.040382,1663.433656,1601.548617,1663.433656,7701847224,203561000000.0,0.037835573729741945
2023-02-28,1634.502422,1644.435774,1602.428048,1605.895131,6323676957,196520000000.0,0.032178286978424585
2023-02-27,1640.763666,1662.575716,1615.387916,1634.326368,7239824677,199999000000.0,0.036199304381521906
2023-02-26,1594.761053,1645.273455,1590.393086,1640.817156,5727967432,200793000000.0,0.028526728680780704
2023-02-25,1608.658362,1608.865129,1567.631696,1594.914953,5657686235,195176000000.0,0.028987612385744148
2023-02-24,1650.895092,1661.091344,1583.147866,1608.373158,8909129423,196823000000.0,0.04526467650122191
2023-02-23,1643.298596,1674.601548,1632.566116,1651.073896,9013236167,202048000000.0,0.044609380775855245
2023-02-22,1658.140963,1663.996855,1604.803284,1643.23171,9189387004,201089000000.0,0.04569810881748877
2023-02-21,1702.797795,1714.285646,1642.396754,1658.036398,8721608198,202900000000.0,0.04298476194184327
2023-02-20,1682.337032,1716.489354,1659.295061,1702.675116,7703604237,208363000000.0,0.036972035519741986
2023-02-19,1691.68019,1718.947572,1673.90656,1681.436129,6959144003,205764000000.0,0.03382099882875527
2023-02-18,1694.741803,1705.309142,1683.670144,1691.819457,5491437195,207034000000.0,0.026524325448960075
2023-02-17,1640.28012,1716.781822,1636.173769,1694.783376,9802443159,207397000000.0,0.047264151164192345
2023-02-16,1673.867464,1732.801098,1638.145456,1640.067595,12704861676,200701000000.0,0.06330243335110437
2023-02-15,1556.765097,1674.28975,1545.689746,1673.746022,10015035156,204823000000.0,0.04889604759231141
2023-02-14,1506.992116,1562.034268,1497.194425,1556.875153,9249575045,190521000000.0,0.04854884786978863
2023-02-13,1514.917053,1524.731436,1470.023983,1507.165923,9363855114,184438000000.0,0.05076966305208254
2023-02-12,1539.775989,1545.554258,1501.462006,1515.033688,5319698775,185401000000.0,0.028692934638971743
2023-02-11,1514.941938,1541.334773,1510.147025,1539.926766,5064007416,188447000000.0,0.026872316439104895
2023-02-10,1546.596531,1553.325732,1504.834446,1514.869146,8397387897,185380000000.0,0.045298240894379116
2023-02-09,1651.08222,1655.234843,1537.182261,1546.438289,10524969124,189244000000.0,0.05561586694426243
2023-02-08,1671.905245,1688.527218,1635.26504,1650.716753,7806089579,202005000000.0,0.03864305130566075
2023-02-07,1616.009626,1673.797859,1614.862977,1672.003569,8030277434,204610000000.0,0.039246749591906556
2023-02-06,1631.645287,1653.715508,1611.319035,1616.247127,6919871886,197786000000.0,0.034986661775858754
2023-02-05,1667.166469,1671.770274,1616.391822,1631.645879,6926696531,199671000000.0,0.03469054860745927
2023-02-04,1664.472294,1690.099611,1648.189202,1667.059235,5843302512,204004000000.0,0.028643078135722828
2023-02-03,1642.904696,1670.696866,1634.223379,1664.745582,8169519805,203721000000.0,0.04010151042356949
2023-02-02,1641.365952,1704.458174,1641.322619,1643.241589,10558081069,201090000000.0,0.05250425714356756
2023-02-01,1586.488105,1644.727488,1566.857294,1641.792694,8116969489,200913000000.0,0.04040041952984625
2023-01-31,1567.419906,1598.517553,1563.804341,1586.535374,6585191019,194150000000.0,0.033918058300283285
2023-01-30,1646.147647,1646.651555,1546.66079,1567.326481,9180418120,191800000000.0,0.04786453660062565
2023-01-29,1572.629468,1653.725018,1568.984813,1646.155588,8801292300,201446000000.0,0.043690578616601965
2023-01-28,1598.125421,1604.704122,1565.390112,1572.435044,5803653357,192425000000.0,0.030160599490710666
2023-01-27,1603.080099,1617.000871,1565.245033,1598.156519,8124465373,195573000000.0,0.04154185584410936
2023-01-26,1611.080977,1626.198204,1586.598162,1603.105933,8395315241,196178000000.0,0.0427943767445891
2023-01-25,1556.807448,1632.241684,1530.797908,1611.711043,10598973448,197231000000.0,0.053738882062150474
2023-01-24,1627.848265,1639.723843,1551.389826,1556.60424,8180274691,190488000000.0,0.04294377961341397
2023-01-23,1628.55081,1641.218172,1607.903071,1628.251041,8264507375,199255000000.0,0.041477038844696494
2023-01-22,1627.366003,1658.023414,1612.085695,1628.382042,7517988734,199271000000.0,0.037727460262657386
2023-01-21,1659.706068,1674.179268,1626.812954,1627.118218,8859250310,199117000000.0,0.04449268676205447
2023-01-20,1552.373712,1659.885792,1544.917826,1659.754119,8528894754,203111000000.0,0.04199129911230805
2023-01-19,1515.249609,1557.97039,1514.380051,1552.556553,6432638856,189992000000.0,0.03385741955450756
2023-01-18,1567.698949,1602.106688,1509.422905,1515.507007,10354880595,185458000000.0,0.055834100416266755
2023-01-17,1577.10747,1594.001033,1553.335883,1567.84605,7599462786,191863000000.0,0.03960879787139782
2023-01-16,1552.519255,1594.039769,1529.573647,1576.833509,8454485431,192963000000.0,0.04381402357446764
2023-01-15,1550.731522,1556.950811,1520.893818,1552.47948,6774614499,189983000000.0,0.035659056331355965
2023-01-14,1451.428504,1563.739097,1450.98844,1550.706864,15444626014,189766000000.0,0.08138774076494208
2023-01-13,1417.946222,1461.672696,1404.023891,1451.614839,7684148212,177640000000.0,0.04325685775726188
2023-01-12,1387.752904,1432.281236,1378.422137,1417.938523,12230193038,173519000000.0,0.07048330752251915
2023-01-11,1336.486778,1387.932705,1323.583069,1387.932705,6314904311,169847000000.0,0.03717995790917708
2023-01-10,1321.39545,1342.757148,1318.527195,1336.586114,5830173253,163563000000.0,0.03564481730586991
2023-01-09,1287.450792,1342.144169,1286.680743,1321.538946,7990438824,161722000000.0,0.04940848384264355
2023-01-08,1264.181919,1287.359442,1260.226778,1287.359442,3495088905,157539000000.0,0.02218554710262221
2023-01-07,1269.419741,1270.598311,1262.271117,1264.270341,2565213548,154714000000.0,0.01658035826104942
2023-01-06,1250.459027,1273.220331,1240.947467,1269.379004,4977252792,155339000000.0,0.032041231062386134
2023-01-05,1256.484593,1258.571559,1245.173056,1250.438551,4001786456,153021000000.0,0.026151877559289247
2023-01-04,1214.718573,1264.80745,1213.168826,1256.526595,6404416893,153766000000.0,0.041650409667937
2023-01-03,1214.74404,1219.095373,1207.491547,1214.778803,3392972131,148657000000.0,0.022824166578095884
2023-01-02,1201.10331,1219.860649,1195.215023,1214.656676,3765758498,148642000000.0,0.025334417580495417
2023-01-01,1196.713671,1203.475387,1192.885436,1200.964832,2399674550,146967000000.0,0.01632798213204325
