Date,Open,High,Low,Close,Volume,Marketcap,Vol/Cap,HL_spread,OH_spread
2024-04-30,1.8271730172355984,1.7505499876641444,1.4810234869843362,1.4908057487593127,1.4143953270737926,1.5639165209611432,0.8022719260850977,3.3129230682041557,3.1751587600008597
2024-04-29,1.9035324899666077,1.807205238926011,1.8186790864913394,1.8211097869063206,0.8783634040455562,1.9028552419599147,0.07194901441398455,1.1397702835881387,0.7772806462092623
2024-04-28,1.887116872499793,1.9103552020335304,2.045434774310451,1.8980927952582503,0.27299498893718976,1.9806756484092096,-0.5510470044136545,0.23709583009623145,-0.10461526129198834
2024-04-27,1.6878938875039644,1.7977590173771845,1.7421668321234174,1.8808467915609552,0.34617386428150554,1.9638503492153172,-0.4740713794571537,1.6612082657779537,-1.8228061957198691
2024-04-26,1.7312400696157737,1.6199563772942225,1.7963430698002227,1.6824722933046095,0.14757160220535182,1.7605333250306419,-0.6003438344670725,-0.28568765199149315,0.4595875253893079
2024-04-25,1.7039875736845231,1.6588685664383342,1.7480760461602234,1.7253083113740404,0.7054860446461461,1.8047031330921521,-0.05552678814415014,0.4269737105633966,-0.20220006885865993
2024-04-24,1.8346135403054014,1.8189053254146392,1.8012517595913746,1.6981475928230387,0.7073428061807001,1.7768557679481414,-0.04121453371701558,1.3769918711176712,1.287612631250808
2024-04-23,1.8047453831620104,1.7741616695606914,1.8841559942737436,1.8283983321375847,0.2191788119756611,1.9098952298294107,-0.5797236968126797,0.3418378717156223,-0.22427381084686004
2024-04-22,1.7170599169706975,1.7305828370637626,1.8445485765612784,1.798708880473898,0.3864549019131216,1.7937082485623792,-0.37144066125989694,0.2809173527469265,-0.7718482757634406
2024-04-21,1.733170006878947,1.669119849639187,1.824396485823791,1.7103150918135335,-0.05591832058397997,1.7050560461053847,-0.7892575205386457,-0.08607002655357458,0.21490769759020287
2024-04-20,1.5736644711303427,1.6269957669304442,1.6576465325893974,1.7271256010589702,0.030958835891703108,1.7218677545891043,-0.7058739354500779,0.8661712937573758,-1.4498511332848314
2024-04-19,1.5841934674963944,1.558617677693559,1.396711450773406,1.56721306302561,1.7678815286504515,1.5618507330148816,1.1755528873452097,2.335219328904928,0.1595154853351188
2024-04-18,1.4520796365937274,1.5079547359307388,1.5456626681837005,1.5781870481027491,0.9034743400053709,1.5723563519784347,0.26040203890549607,0.7295996845976429,-1.1915042802494553
2024-04-17,1.6150405343260268,1.5532091974257862,1.4815773282142708,1.445995334490436,1.3224189259050179,1.439765383532867,0.7842219103515914,1.621000898044192,1.5953516166346522
2024-04-16,1.6414105396270602,1.558689801773508,1.6166612889263745,1.6089058244212369,1.6090278366348152,1.6032480362011465,0.9805172007826584,0.6046409794336299,0.3060721661779134
2024-04-15,1.7319653621917865,1.794792611612884,1.6657548863582576,1.636027532596901,2.0207405351333536,1.6296683767770161,1.3903909712172544,2.237268982214589,0.904984256040402
2024-04-14,1.4859703705423162,1.633265343784812,1.4745319417002423,1.7260114233094972,2.6107616341914177,1.720685362804073,1.9254649102252752,2.3610556037683725,-2.267325438078838
2024-04-13,1.8719869118253425,1.8294892672767717,1.385792047847468,1.4787958164340602,3.347222607500693,1.4737149775444525,2.9312385142715582,4.737527239341637,3.711687180475206
2024-04-12,2.298647750369602,2.2265376852123038,1.796899073706283,1.8659964089645322,2.050408015767977,1.8611317617295033,1.2548560229137784,4.897125988924973,4.0840646457685175
2024-04-11,2.3606372747081275,2.3263868460970007,2.4343446791350662,2.2923478431263966,0.7200200121435726,2.289293495012526,-0.23924746756045523,0.733740451539112,0.6435925244654838
2024-04-10,2.2983653031550935,2.240551957199939,2.3286142387974267,2.3549304214972118,1.1833193817503145,2.3514845847631323,0.15865093092328658,0.8319118576820926,-0.5352981342591988
2024-04-09,2.607619481975743,2.497071241050444,2.3967133982045317,2.2922104499242595,1.416529609372922,2.2890080900988976,0.4006022205002346,2.489541487217646,2.976859471425828
2024-04-08,2.214367226813795,2.501300486959676,2.3189460941012783,2.6013561121733635,1.545020473212184,2.5993655476043287,0.36934731239632973,3.137803775664106,-3.6552382020324434
2024-04-07,2.0529236039722005,2.0788472802102085,2.2108172629960725,2.208198331922,0.033024713402285265,2.204664142766672,-0.8475210061081733,0.37625559478951565,-1.4672238016810906
2024-04-06,1.9954439177224519,1.983220238225277,2.1474866219489583,2.046721676531652,-0.1284124913115119,2.0425949239563606,-0.9570475817786969,0.056966219088341964,-0.485216173964241
2024-04-05,2.0135599601062175,1.9017053500108667,1.9859012655156314,1.9893269073637903,0.9085568498987332,2.0022984682940903,0.05623491006415978,0.6317065929364832,0.227775489036661
2024-04-04,1.9834607848818848,2.0548277418533707,2.0525470946272204,2.0074653416878587,0.7862393467101271,2.0041875770081057,-0.06284843852853945,1.4165749912284904,-0.22768630284593994
2024-04-03,1.9278965021405405,1.936940284838473,1.9712418689910944,1.9772241530438348,1.0405141876792996,1.9729289436107293,0.1977773198866036,1.0484008151848228,-0.4667675790882266
2024-04-02,2.2978161717847856,2.1549125901154667,1.988870766516107,1.9216043136785128,2.045713222938102,1.9172342133227078,1.212095419485991,2.7736398680534267,3.5511425802715975
2024-04-01,2.530345470530747,2.3765192181109698,2.334609291291688,2.2919936815348576,1.039083082491489,2.2884644616919867,0.05414979373210563,1.9474518509297498,2.249296442409849
2024-03-31,2.3029109829335783,2.3876489224967603,2.4856341535234283,2.524225640960475,0.12727931101067488,2.521816955358489,-0.8460766321085607,0.8539316452019223,-2.090926632308454
2024-03-30,2.309213725043685,2.247723366052501,2.4560580565939762,2.2967322974524986,-0.056800112205729454,2.293574568716949,-0.9537884391267574,-0.10985459798687368,0.11665930044165235
2024-03-29,2.389190341685349,2.2753788110821533,2.4318788445961776,2.3030114898712535,0.4939783534454346,2.299907839657461,-0.4504397126561071,0.31695266128294747,0.812496277668193
2024-03-28,2.290332717388803,2.316200297805709,2.414152544777644,2.3834775302846487,1.1082818938271017,2.3802153460683733,0.07825077756033193,0.8055595492145069,-0.8806929957765013
2024-03-27,2.4319587411895474,2.4020347926764765,2.4057291822219704,2.284002318669485,1.4949642265094547,2.2810711153579986,0.47661058196478095,1.6058737568764871,1.3958008394386252
2024-03-26,2.438091584064146,2.424650997751975,2.550763375301439,2.4260958515333537,1.4539448571698472,2.423243534475371,0.3703802039957009,0.6577322859621134,0.11200649684289957
2024-03-25,2.2166224905836267,2.3906314692106965,2.339888400770261,2.431589646335396,1.470246000129951,2.4294137168938095,0.38209637214550823,2.026581845294698,-2.030946513802316
2024-03-24,2.024389986339439,2.097428123860679,2.1343433313173206,2.2100550303459707,0.40183368455724483,2.2071240613079435,-0.5045201616291526,1.1370658459765663,-1.7541656512896164
2024-03-23,2.0226441747405577,2.0399939673854965,2.0863110245545977,2.0181211382288096,0.5817141987860235,2.0141903396952663,-0.2644456283332319,1.0239724502147516,0.04166151807315189
2024-03-22,2.2784328845246593,2.209755141463213,2.0553613792705843,2.0133959154614534,1.7968767151168896,2.0124371380829786,0.9090705389584824,2.719288306512226,2.5013981501342952
2024-03-21,2.3127745730129843,2.280407710593277,2.3235697592115225,2.272419053381631,2.0684342985811717,2.2691792439568226,1.0111374849428285,1.2124433873447256,0.37985495412827786
2024-03-20,1.7345128685821143,2.198653582485515,1.7222369734136487,2.3055916932003155,4.453359669627363,2.3037132385058374,3.175637601245,5.24632982191851,-5.393235248129394
2024-03-19,2.3198156731186126,2.2171081509125172,1.8751113450112322,1.7271109266409386,4.049288516683224,1.7234442769691458,3.389423624243566,4.200891074105007,5.595337196111265
2024-03-18,2.521368270381618,2.3676775820311216,2.398391007224415,2.3130583265184264,1.8941962240565562,2.3130636471047046,0.8258481891170532,1.369825286635315,1.9656348643228942
2024-03-17,2.3274292418566245,2.42068517176403,2.3268950903634735,2.5153748547465615,1.6914491780596559,2.51324121723947,0.5386290121694883,2.3858551397353445,-1.775856442120058
2024-03-16,2.6739028088703747,2.5849375725385437,2.418837689244061,2.3209850650353574,1.7347173539941807,2.3186494289857142,0.6770060567154457,3.0667945715198703,3.330996314275587
2024-03-15,2.912530726734321,2.8170851166086277,2.595698535416017,2.6662770562121243,3.939601086267327,2.6665036558578246,2.402304027669721,3.6599604997677018,2.3237111619503787
2024-03-14,3.112355005588622,2.946324479012634,2.8515594503112123,2.9067913384737216,2.6022315560321196,2.9061622390444932,1.11263468618252,2.7513067015415293,1.9393976818920322
2024-03-13,3.0709228513355717,3.05920199059401,3.217983844310313,3.107300953984892,2.0376885297648637,3.1069242097166874,0.5516688625062065,0.8325042357999286,-0.3450846376054473
2024-03-12,3.211455710104494,3.0737650972545385,3.0393458889608884,3.0647269177721443,2.847855381182991,3.065554087950768,1.2255360313364405,2.3630758135763688,1.3838057307792528
2024-03-11,2.9098979934824274,3.0655483586206502,2.891361858518999,3.2048399619108765,3.1609340240100288,3.206870292327256,1.396535599985426,3.457572321590739,-2.786457055160331
2024-03-10,2.9657579465859385,2.8797967984771855,2.985917828066411,2.9036252949794137,1.0029281718445129,2.9042867210406507,-0.21262075651751106,1.1248777336595632,0.5851447940063369
2024-03-09,2.9275920203769843,2.8510261240295214,3.122525638007069,2.959275367710817,0.3637129159318886,2.9606202147067924,-0.7571632498458225,-0.19637655894083159,-0.3006808497911851
2024-03-08,2.8994799466750414,2.927052554057362,3.033331167711831,2.9212963023424017,2.7183446059965792,2.9225118633823386,1.1996577402803394,1.1558021750363958,-0.20749851432236532
2024-03-07,2.8075752215525784,2.8340681569485033,2.8803780153490703,2.892494709065765,2.1087909869202157,2.8945557725569455,0.7092105441385823,1.5645179593100764,-0.8032940883081015
2024-03-06,2.3778989687411314,2.7741641102251893,2.4780608437813636,2.802868747327155,4.177165671659182,2.8025874368177948,2.4980869041169367,4.218831014571392,-4.0139524803522875
2024-03-05,2.5045060838680864,2.6591355541590973,2.0027444993036108,2.3731860723083638,6.293066209575311,2.371558063688317,4.776384798465833,6.97631245059852,1.2386761467578489
2024-03-04,2.2726475639222805,2.366048468543472,2.381209498825466,2.4958970045835027,2.8239845151775844,2.4965246437269597,1.5506784772599107,1.491127201015418,-2.109179905666247
2024-03-03,2.164571491830744,2.1301182469304965,2.2553319105227474,2.269170852658035,0.6481971679702673,2.269016155434749,-0.29782602085462795,0.4643313887710043,-0.9887859996934147
2024-03-02,2.1861719539513604,2.080792567617636,2.300845093588166,2.1570701424902703,0.37990612974954063,2.1565666194652304,-0.5081519560443163,-0.3157060006486341,0.27365878898934415
2024-03-01,2.0330076264689154,2.0696136020959237,2.203545247467692,2.178214325258535,1.1845820129026665,2.177958397277174,0.23842892901141813,0.35453068745045124,-1.3721474370426816
2024-02-29,2.1059152234961838,2.173760377946311,2.1388258152927246,2.026780304997774,3.105072685325853,2.026109392516788,2.160289010176062,1.7545413333308764,0.7461314392620414
2024-02-28,1.8735353502213217,2.121142489637462,1.9642947068604084,2.097972560357872,3.8369930470275024,2.0977867979679896,2.7969221139389653,2.6782891144780847,-2.120188734312206
2024-02-27,1.7670473453171553,1.8111131901434636,1.9067392382754034,1.8684098296060354,1.8822804606785881,1.867356306988633,1.0838690401327271,0.480079770497987,-0.9580165044101345
2024-02-26,1.6599288798551117,1.6689136451615247,1.6852252736094109,1.7618669646198266,1.2880486576524008,1.7604245993492595,0.5538800529830604,1.0075642059545242,-0.963396106102833
2024-02-25,1.4645373506753945,1.5434123113129061,1.593871732785764,1.6540708181570474,0.8101222842755303,1.6521881835333,0.12241971762808797,0.6533687546703022,-1.7904030283103862
2024-02-24,1.350056419691534,1.3640850626205447,1.463066720595233,1.4584478066141768,0.16072196807971492,1.4557480586960474,-0.47509630691983923,0.1493972615121544,-1.0241702230083172
2024-02-23,1.4283945823189084,1.3454580692290343,1.4611617986232006,1.3434462428560758,0.5122096388396096,1.3403221571986912,-0.041936487815590076,0.005101606594170158,0.801374511977111
2024-02-22,1.4275168853236269,1.4072094305269882,1.462058226171712,1.4236864793408994,1.3799287145317165,1.4210102034944412,0.8587327579995588,0.5261137133922672,0.03542940750272741
2024-02-21,1.5024027738617243,1.386055116377577,1.408006751711462,1.4226267570966127,1.5188363552684774,1.4200316723620015,1.009828354813779,0.770644022859954,0.7524972288498426
2024-02-20,1.3860632589032333,1.4085571134810995,1.4156563435432123,1.4927843253386763,1.7582063175684997,1.4905538674485175,1.2167594020622214,0.9028613232847535,-1.0084170712249827
2024-02-19,1.2839309233897747,1.3329638502161134,1.3821591681179892,1.3790818955323279,0.9000495854881022,1.3763919019972293,0.36436499615985596,0.5200759994043346,-0.8991151066390854
2024-02-18,1.1301260423738588,1.1908522719968428,1.2246479268056132,1.2740819289385295,2.2577118777162832,1.2709279910565152,1.9429880831601283,0.5445559945836032,-1.3598695865911723
2024-02-17,1.1578113980112075,1.0531550237271596,1.1504106968591636,1.1239630666062197,1.358960988524952,1.1201390616896052,1.0487594200168997,-0.04865316020443533,0.31900933806304954
2024-02-16,1.1931700102961993,1.1368608566905212,1.2117159780699405,1.1516351020425055,1.213915787859713,1.1479456547030975,0.8615024692314193,0.18463313411789653,0.39157054513628187
2024-02-15,1.115315383641129,1.148469908976724,1.2179916105022193,1.1852724924685771,2.320460368418586,1.181786523033301,2.098034629162916,0.23451348732414412,-0.6611380679031033
2024-02-14,0.8943072710073399,1.024529233218873,0.9741188255332808,1.1097025793549402,1.941715796608777,1.1058959974285396,1.7343755721008238,1.0941221577017355,-2.0343050244731367
2024-02-13,0.9234151622028717,0.8668582065439685,0.9368417851531569,0.8890303199716878,1.4151149294279175,0.8842858773513125,1.3046286171941701,0.039198312197316655,0.32419656602336916
2024-02-12,0.6762416404446234,0.8313608345060725,0.7230346430739601,0.9149332563492635,0.5453494320767135,0.9103664501728628,0.22990470456195422,1.4184887590373412,-2.2541645415306273
2024-02-11,0.6657551737670891,0.6333059304776911,0.7595382811355574,0.670150224092551,-0.39516189876842495,0.6645105031474097,-0.8198322036521739,-0.5624961050370343,-0.041844203714276954
2024-02-10,0.6438365203060622,0.6004031744932578,0.7265237201913067,0.6598378707205722,-0.5397988337893811,0.6542087448364481,-1.0019067027577921,-0.584011457626877,-0.15142384358539532
2024-02-09,0.5334647735168009,0.6098298862461237,0.6301672357846645,0.6375414624042806,0.6466856270342584,0.6319743429937924,0.5398986525615814,0.25500994203363064,-0.9830066813109672
2024-02-08,0.5404673375456496,0.5106673844667422,0.6222990038778144,0.5276107352581951,0.03480337412282113,0.5216585485213987,-0.1918712804340489,-0.5310500186604802,0.12111712028932096
2024-02-07,0.45620892357404386,0.48410526978416113,0.5181844800063189,0.5338520880031061,-0.011798066846592294,0.5279918194619106,-0.25721814998410303,0.06127481777066656,-0.7333715794500828
2024-02-06,0.3370061987618336,0.40120263822916524,0.421107070583228,0.4500440899361918,-0.03495568271199678,0.4438517327822766,-0.24248266445446479,0.11641464614853883,-1.0675200085000203
2024-02-05,0.3211525423056407,0.31462745869563274,0.37553283455677333,0.33083919888479657,-0.40679144578201365,0.32409039473980594,-0.6945012094081836,-0.265225818787341,-0.09163118583522854
2024-02-04,0.33239106656293427,0.2743373187847359,0.3793482165208534,0.3156480722367346,-0.7115373233252152,0.30881443650560975,-1.1157318575578492,-0.6397979523612696,0.15792154690560012
2024-02-03,0.3516814633246388,0.3031208720838688,0.41556320554289494,0.32620405997142726,-0.8425100644366679,0.3193880090200267,-1.3027798485049635,-0.6786981602588722,0.24038508821996127
2024-02-02,0.34473133333654477,0.29638103819072525,0.39627640698114774,0.3457155060154143,-0.42185914874134167,0.3389994037993373,-0.7221723443535493,-0.5845302029580645,-0.009471312521893349
2024-02-01,0.309721077494303,0.2756420544425894,0.3303415525291327,0.33886487305978835,-0.13857810286899297,0.3321360951620872,-0.32364400660612336,-0.24291572880420118,-0.2753467798950169
2024-01-31,0.4095346498356629,0.3380720341977324,0.36594002194194775,0.3042636847430915,0.1783200529645107,0.2973846492503081,0.14209970154537027,0.010764565272708517,0.9937955010481718
2024-01-30,0.36705676444655516,0.3997023760492434,0.4236542391413639,0.4049914201308045,0.0731828529581946,0.3985810771967716,-0.06883528593930531,0.0835367141887963,-0.35838300537469714
2024-01-29,0.26877671624756694,0.29163055357763623,0.3203463917591633,0.3603916313204348,-0.12985939599965415,0.3537453243367954,-0.3232922679093536,-0.027519275119677677,-0.865201030101337
2024-01-28,0.28698464422256625,0.2710208732470798,0.3288268247453108,0.26306847473434875,-0.4036185065417292,0.255946573933525,-0.6587940185580327,-0.27051161919042893,0.22567681904672476
2024-01-27,0.285564183521295,0.23278900896088178,0.345373715619915,0.28042939904301956,-0.760213460034631,0.2733562736648465,-1.1726503560515162,-0.7276903423079079,0.048336763762304454
2024-01-26,0.20446032118477475,0.22939697630739875,0.24944287248186153,0.2793135270283283,0.04031770896405696,0.2722282447205064,-0.03654314539729634,-0.0016388071598617113,-0.7068974840851109
2024-01-25,0.2313359915550741,0.16659946263936154,0.2111464816580745,0.19884483302488018,-0.07118750698573284,0.19140429132302877,-0.14594002899349262,-0.23722710268936723,0.3066738369040288
2024-01-24,0.24398676651947723,0.19957157667055433,0.2520297537773073,0.22461895158876297,0.06676682138846785,0.21725382207164193,0.03688713693431442,-0.2770521840301743,0.18275182177748095
2024-01-23,0.3565131481443742,0.33559182705395757,0.2002239933369383,0.23620267377539386,1.0689200016269313,0.22887387926936234,1.4678370387059676,1.293883249610184,1.1358315527105736
2024-01-22,0.5907245184295654,0.5167747810402546,0.43255849183608186,0.3502492621794063,0.694671681486785,0.34341638460548835,0.8300655350877245,1.0145991240063579,2.2703507110878056
2024-01-21,0.6148084460591268,0.5423837429771718,0.6864765952875328,0.5829045521431645,-0.8539911903399416,0.5770950553161374,-1.3872063347517816,-0.7649601176008421,0.30093022971883315
2024-01-20,0.6474095279775494,0.5582188716941675,0.6928181245295837,0.6083933658750448,-0.7347829062201301,0.6026319997307767,-1.2382323274349203,-0.6794590681859312,0.3680700287407513
2024-01-19,0.6130039612141828,0.5762050731527454,0.622233043961562,0.6407657011446591,0.27731779858049305,0.6352225227250851,0.06031332118429918,0.029915748298948757,-0.26245384015058704
2024-01-18,0.7104121190903309,0.6467826862369829,0.6417187217422637,0.6042141631623972,0.3593055909513417,0.5985411959687723,0.18944332615030107,0.4800922417575642,1.0023927952254807
2024-01-17,0.8054579840768645,0.7197372134923211,0.782083531625092,0.7039685952137437,0.11752463809167994,0.6987998649133145,-0.1805693853243214,-0.0008281752871776389,0.957883578008165
2024-01-16,0.6811985337730769,0.7524365404512366,0.76770723076987,0.8004241693122661,0.22064944632313135,0.7957288098655274,-0.10286438701080558,0.3919545479074856,-1.1261250923816046
2024-01-15,0.6178463861827485,0.653854955876133,0.717932919088367,0.6763177494744982,-0.005169196331973498,0.6710612254506859,-0.3228288946008769,-0.0593006625194056,-0.552427978796606
2024-01-14,0.790756878114331,0.6971244463354866,0.7172567672666949,0.6127056968592467,-0.054062383816453286,0.6071848876386555,-0.35387187727896363,0.3160409840164492,1.6808159732314145
2024-01-13,0.7012096733853693,0.7139961059597852,0.7653032149976804,0.7823868949790964,0.4173539416753523,0.7776259839153945,0.152495492362997,0.08215222985836446,-0.7668682372299755
2024-01-12,0.8577071560558479,0.9044820600011313,0.7010557715369158,0.6976122421847166,2.302125140504498,0.6924665939728025,2.6062947574683246,2.2167787966958685,1.5112316039129667
2024-01-11,0.8007860681175865,0.8689366151855002,0.8836693020915507,0.8523382165114354,2.128356922680372,0.8479307276391462,2.211700366216881,0.4754852054307604,-0.4871888568154782
2024-01-10,0.4117537727201193,0.7734875820357099,0.49812164059294883,0.7913388964670345,3.2000160775801603,0.7867181690209792,3.613296295450846,2.6938442118181714,-3.5843963371114858
2024-01-09,0.3921507847803928,0.36951632461613565,0.32974038996709504,0.4055336191459145,0.8549782510814549,0.39915188702402804,1.0032212308316202,0.564583280239215,-0.12656860465215056
2024-01-08,0.2132668822395438,0.35252158436402237,0.20825927491869076,0.38635620675764226,0.6791798103076787,0.3798938507092095,0.7779633724208564,1.3754137399417699,-1.634483841862069
2024-01-07,0.24441413663549935,0.19288951236956833,0.2757472668283054,0.2072277272490637,-0.5372121018980773,0.1999664387318754,-0.8255350044239393,-0.5208712692432518,0.3510013661126486
2024-01-06,0.28917514188673427,0.21523046731599402,0.28976622127095153,0.2377290896663536,-0.6232702415154456,0.23059989946130444,-0.9620365775562144,-0.4401635061609697,0.48562303013872943
2024-01-05,0.2889628137786396,0.22371561477779647,0.2722924343570569,0.28166700775334025,0.18711458719421128,0.2747289353922965,0.1699990341193755,-0.230068841329662,0.0687401705378772
2024-01-04,0.1932198895550998,0.25172696915974757,0.26432516962168895,0.2823026921606671,0.21754191258298214,0.275354108060244,0.21270039909888788,0.07217996100475017,-0.8412527880247593
2024-01-03,0.4297343900387546,0.3938111853140362,0.10921905441443434,0.1875469408599494,1.5910547117716882,0.18021913685083707,2.2793490188215433,2.5080344723351726,2.2866011789077776
2024-01-02,0.4242257034741896,0.46617165906218433,0.509974265556404,0.4234344839913972,0.5267638803269205,0.4171595780029515,0.5392704630502219,-0.027463268558896598,0.00725146121421764
2024-01-01,0.310851251729362,0.3423368335233562,0.37033085143025324,0.41772969788663095,-0.46815631994684,0.40865179343479596,-0.8156281741801575,0.012675446837415073,-1.0093467138322696
2023-12-31,0.32560761295266805,0.28925300833653544,0.3607390178186583,0.30251862408839064,-0.47400347338952287,0.29563144763802046,-0.7763727528506301,-0.36577573174389194,0.21784628695581587
2023-12-30,0.3393552148436953,0.2947608224761294,0.37543722141723934,0.319744249449819,-0.47123375375052706,0.31293242168795976,-0.7799048450934769,-0.43436312198801047,0.18499838771027696
2023-12-29,0.4148760909002065,0.3952032299775167,0.36343660664142396,0.3337689818098283,0.4648566992214462,0.3270259881371248,0.5227828455341154,0.5190269503409808,0.7656286628926604
2023-12-28,0.4691164116734106,0.4878433627024094,0.49259700767879355,0.40998701153026834,0.9825243776826481,0.4036096399606974,1.1740396976102423,0.2946366779919988,0.5580789306333181
2023-12-27,0.22714606518179686,0.4055706222094782,0.28184933938475737,0.46067520581328564,0.7340409584755906,0.45454762168824847,0.7914339110283769,1.2498461043853604,-2.2051861432077198
2023-12-26,0.29353121291510437,0.22025040940068044,0.22229923870243792,0.22121020866696123,0.15523555583638957,0.21397846092000375,0.16657987856043713,0.1337880101772873,0.6827298011626727
2023-12-25,0.28234675364016576,0.26576569746467055,0.3491076134736606,0.2880317865811758,-0.28097436329574793,0.28110297846332677,-0.49688759979769537,-0.47507865663257126,-0.05382629298617263
2023-12-24,0.3543586986799673,0.3005435774890992,0.3412787395433696,0.2768621171233463,-0.04657007568789624,0.2698770518606167,-0.15840192653036925,-0.11605505587134497,0.7315680414805674
2023-12-23,0.38214686705467216,0.310538399806763,0.3761484178022825,0.34735498402912757,-0.28769077263051435,0.34069824257093384,-0.5360266085519829,-0.30503864365883215,0.32832008853274636
2023-12-22,0.24048809596289117,0.32604120266556413,0.31321895999880334,0.37577470911220145,1.0614791661197966,0.36927950606427423,1.3153173391706918,0.32284298887806884,-1.2775507324319588
2023-12-21,0.17900960595501544,0.22584574918187256,0.23019815059205434,0.23434332826526816,0.4780412953303202,0.22727017546897518,0.6209237575531293,0.11946539278419643,-0.5225741241378572
2023-12-20,0.1390888369909949,0.20262433541652433,0.18988164800325433,0.17315635940515275,0.48396733358798694,0.1659081190389077,0.6808064237876358,0.23821277973112082,-0.32175013375327505
2023-12-19,0.2057598613065438,0.18695691276746013,0.15321952910339073,0.1340698153013679,0.14704889628314013,0.12673969232097756,0.2169799790926607,0.39279508932413865,0.6768174792971026
2023-12-18,0.1685241734538102,0.13777488508066627,0.11979726959783965,0.19813440257911275,0.10518196224198009,0.19122761209078273,0.10998565950645603,0.23527622096842435,-0.2796779524227819
2023-12-17,0.21982770175181626,0.1728560931397471,0.24879769400280874,0.16432683605712395,-0.3846873343214126,0.15730519949954275,-0.5837100589107037,-0.4800709729916047,0.5239459656436547
2023-12-16,0.209295841888097,0.19866916854626343,0.2791383651659075,0.21383021051135215,-0.47481984095097896,0.20714233370309923,-0.7385031100891655,-0.49813731752709706,-0.042923492512267
2023-12-15,0.36490173772963713,0.2867100505431038,0.2803532689464711,0.20149035011548502,0.08738764395377739,0.19485633170691297,0.0817077632243277,0.2451833680995166,1.5428019911156134
2023-12-14,0.27485939506593265,0.3097999835423858,0.3231684743167601,0.3596028500512088,0.4767454840838335,0.35379968717748644,0.5187388270323707,0.10564467311112606,-0.8003213076973169
2023-12-13,0.18032715798118867,0.23365983061876452,0.17203377099261502,0.2686617190023287,0.47139028867852223,0.2625108869469741,0.5828125482509114,0.6440915202553101,-0.8341809423152727
2023-12-12,0.21576012851990634,0.1700065405040203,0.19935003169530957,0.17336206466543747,0.27497355979531674,0.16681869662048346,0.37483777879410396,-0.11524317553026237,0.40022656473467777
2023-12-11,0.42406809565200526,0.34639651155117046,0.18841385438475336,0.2100128537447732,1.368385161867973,0.20369029331921504,1.9273830725863048,1.479235673776881,2.020969395164368
2023-12-10,0.40608951091263357,0.3806749907194737,0.4665046783944636,0.41794890361150444,-0.39145598337556564,0.41266105293576383,-0.7124205529682013,-0.41644623120159163,-0.1121909173788117
2023-12-09,0.4341323419563409,0.4199372274860702,0.4805932768073302,0.3995956813347277,0.1460766744337501,0.39425923136183,0.03389550034331667,-0.1915840109497275,0.32588328294170105
2023-12-08,0.4316660688158416,0.3975734174447473,0.49637743376969135,0.4281424340337936,0.4659321448817684,0.4230171740874164,0.4519035976509692,-0.5070634369858976,0.033048087838972146
2023-12-07,0.2301128406402321,0.38692256803404446,0.2987522173242462,0.42626881409531264,0.8343897868261353,0.42122320034461047,0.9557465983429142,0.9573367248363156,-1.8522963980063007
2023-12-06,0.32834415409272644,0.27700889398183914,0.2988040755005885,0.221528919140899,0.5068894212123214,0.21559575543056367,0.6721004628802737,0.016999993696691938,1.0084190827906083
2023-12-05,0.24617002494933884,0.27050523568194107,0.24097664527603835,0.32263255539650393,0.9365007368077255,0.3173086303635925,1.1914014437699032,0.4165356556025296,-0.7221149064975118
2023-12-04,0.16579516261340901,0.21791525259782554,0.24409987025065105,0.2403163464719161,1.0634877769253033,0.23467711251313617,1.4539565917500157,-0.05777091284999008,-0.7037424013435745
2023-12-03,0.12064305171234678,0.12389216450126228,0.17368248918371826,0.15979101165382603,-0.24084413192048337,0.1537852055647947,-0.3711265441603436,-0.3075652886311406,-0.3697119604926267
2023-12-02,-0.006567428877867587,0.07623561510740232,0.06399167377464855,0.11428396820901612,-0.09971085843768325,0.10807964725376103,-0.13564156880155728,0.14826037665608843,-1.1411202333177637
2023-12-01,-0.06440137092842169,-0.03914467614398933,-0.005683031007199835,-0.013459066718430945,0.18809863020717899,-0.02023024748738343,0.39219640205282014,-0.29001597110474214,-0.4809827696669507
2023-11-30,-0.10137533249269479,-0.12528872340899969,-0.046779316491328646,-0.06969164961972069,-0.26912792691418475,-0.0766724668349073,-0.27728255114205863,-0.7032149382704812,-0.2991166041628192
2023-11-29,-0.06913293739787205,-0.09773796535739782,-0.04968778158657254,-0.10648239931460837,-0.13036378321149822,-0.1136391985048483,-0.034061168996707344,-0.4447220535861572,0.35270322113952324
2023-11-28,-0.1043691038558813,-0.09309165438929926,-0.09052261521844815,-0.07492395035736782,0.029631603623212405,-0.08183693670056083,0.1946335737665096,-0.08358365475536544,-0.2779780318803621
2023-11-27,-0.04766238310923208,-0.09991737659565485,-0.10535138441858478,-0.11056665488414609,0.13969616369238771,-0.11762127658547063,0.39698520318265557,-0.025238712665512954,0.5939900860207564
2023-11-26,-0.012236098943260238,-0.06304230025363643,-0.019253516691299558,-0.052244677125269076,-0.2779067174897438,-0.059004543610303155,-0.3019878440967647,-0.3875654520444823,0.3777821386766873
2023-11-25,-0.01692113235607605,-0.06736461956910492,0.030748665667188233,-0.01789299456447344,-0.7240449882092517,-0.024470549061288423,-1.0111534200021544,-0.8180881801128774,0.00918543902320471
2023-11-24,-0.04762840163606661,-0.002784242097505621,0.018949065497165324,-0.02319534227484276,0.39926308260337384,-0.029784516738842443,0.7261776173522715,-0.17295499647448448,-0.23068134538106513
2023-11-23,-0.045199433642344786,-0.07256188447502586,-0.014369194529333714,-0.05399343524552089,-0.3154208087345646,-0.060703382381899706,-0.359419644183312,-0.507416162869052,0.08305960833470488
2023-11-22,-0.25711182236496993,-0.070235138799203,-0.1990856513121372,-0.05039273467611728,0.6032676845436692,-0.057033890635251154,1.0689533834427636,0.9663590300592526,-1.9517851067545313
2023-11-21,-0.11298708383261125,-0.15575648480465143,-0.19242744010876273,-0.2574742391172002,0.6498835528874376,-0.26512125409056975,1.3731332371656944,0.18261598507112745,1.3643596788685024
2023-11-20,-0.12983957575608585,-0.10650459672681901,-0.09183661834517078,-0.11898622783652546,0.5194593302381286,-0.1258708376603435,1.0076016560009349,-0.18794230918171523,-0.10241414039095098
2023-11-19,-0.2089854805047323,-0.18621408157776964,-0.1790658658683578,-0.13367638692570472,-0.3340454514917126,-0.1406439396181471,-0.34002320045486195,-0.18300977163743806,-0.7109881971239236
2023-11-18,-0.2114388231889867,-0.25555600465556444,-0.21972429642164507,-0.2148441035392516,-0.27627228146091076,-0.22222897278529996,-0.19351307267284504,-0.4559713982148851,0.032263331976493906
2023-11-17,-0.21111969686211518,-0.22637562920220844,-0.2378323631549375,-0.21810303081528576,0.35625984546907896,-0.2254771525165926,0.8454375682521904,-0.06390882649508746,0.06604847358969342
2023-11-16,-0.05160570395770944,-0.07157240752846654,-0.1864453329708054,-0.21875206934951502,0.815287480004834,-0.22610232518454013,1.5985696310034736,0.8554331365275104,1.5782845660769234
2023-11-15,-0.18249263424330764,-0.11344051756986769,-0.13834710381460222,-0.05692396937067782,0.47966472170534713,-0.06339434299610865,0.8826342154454085,0.11882272689629636,-1.1855713852951795
2023-11-14,-0.0600620548574394,-0.10861286031681987,-0.18865205230278204,-0.18920629527862415,0.5561483997506138,-0.19632507919599573,1.1410203596613184,0.5560498913498537,1.2194588092518313
2023-11-13,-0.07536458638958231,-0.02864018316933308,-0.0305893933904205,-0.06528653729017282,0.7606689924816199,-0.07168467620149982,1.33017613442703,-0.004152054589580273,-0.09512167133474837
2023-11-12,-0.06273948371431347,-0.10714271838593976,-0.05263593383541923,-0.08167351112470694,-0.2951084139057404,-0.08814302622072723,-0.31089410653951044,-0.5019424478356106,0.17881456248609365
2023-11-11,-0.022186098032332933,-0.07020935440922499,-0.025254334047788984,-0.06943504160808883,0.08228249099891669,-0.07581625209402264,0.2724566249736642,-0.40162301825443186,0.4461534980590606
2023-11-10,0.04774938029213126,0.000685366641186758,0.03111866237063533,-0.027849415658902768,0.8300370013674274,-0.03395686476188357,1.3962348009873817,-0.23906981519471157,0.7138071097708141
2023-11-09,-0.3297040460197191,-0.005289500522575596,-0.2825886522158841,0.04088252108303806,2.482068486337196,0.035219850017528066,3.8248891436538317,2.1789834162077497,-3.499044948265956
2023-11-08,-0.33266550099867337,-0.3606024084686208,-0.29906238050761236,-0.3351054974058246,-0.4938652830934874,-0.3427242091771003,-0.47831052430455157,-0.7298182023102722,0.023211495363367963
2023-11-07,-0.31074497106046994,-0.355869221766836,-0.3361666899240515,-0.33705363574634517,-0.08759649059610593,-0.344654090021634,0.21447640340176563,-0.39729933055620337,0.24857695437244312
2023-11-06,-0.3214325395043086,-0.3448470645818385,-0.3034501433621052,-0.3180083500294617,-0.2697355336283528,-0.32549118867802485,-0.10968899354364883,-0.5605506422401688,-0.032166131493010605
2023-11-05,-0.3809976878521855,-0.34951573457985874,-0.3432803576494479,-0.32724336372564317,-0.14328947770872416,-0.3347872344362012,0.11169773334369118,-0.2869766754749205,-0.5073710721814412
2023-11-04,-0.42006668089776067,-0.41913316994764704,-0.3823100815881167,-0.3865249037121014,-0.8098099813974796,-0.39439608925398106,-0.9925667651227419,-0.5751136770582518,-0.3164965038462227
2023-11-03,-0.4728361850379783,-0.4696641804043753,-0.46093910808703814,-0.42701716438281745,-0.3494876295045583,-0.43510026622143444,-0.16642040610852588,-0.3883521079541818,-0.43239547497202
2023-11-02,-0.397478905595194,-0.40873531524460305,-0.443065968017429,-0.47933159962279465,-0.12057895682987076,-0.4876691331697182,0.28175727812465473,-0.007994974559791956,0.7730891250358282
2023-11-01,-0.44851753840715136,-0.43318077561788776,-0.4493855276765347,-0.40377462113469104,0.14864739305147223,-0.4117106540140931,0.6832329756358574,-0.16730033406980815,-0.4222470927312813
2023-10-31,-0.45785189362814804,-0.49336835801123685,-0.452527080819639,-0.4535795374002534,-0.5392223771520513,-0.46176523958041393,-0.4822525109637078,-0.6572686835006071,-0.04010424241415537
2023-10-30,-0.4814989207840354,-0.4788051822783707,-0.461401349408451,-0.4639375855279054,-0.36420534057897397,-0.4721757235727576,-0.16479392304566215,-0.46288329514423016,-0.16557146538549683
2023-10-29,-0.5124351056449766,-0.508256583459373,-0.48410522571059694,-0.4875834874718805,-0.8904392929878749,-0.49597305708528217,-1.088819819770889,-0.5360383211264914,-0.2343930069371383
2023-10-28,-0.5067108583582557,-0.5237715728764327,-0.47151193193035434,-0.5183595826362924,-0.9123826449758909,-0.5269326948588577,-1.1147346400432367,-0.7678350986803315,0.11025377715717041
2023-10-27,-0.46815579891439146,-0.5182291958805734,-0.5090288707414371,-0.5127870923042414,-0.37094189365108643,-0.5213333222676755,-0.139501595971646,-0.4251486734514364,0.4216674539496423
2023-10-26,-0.49468170141890067,-0.4225336325660729,-0.4875844872119309,-0.4737735398126314,0.24274855267251566,-0.48230080265147307,0.9242781960112832,0.22440767262521177,-0.19716661705982932
2023-10-25,-0.49887191235327544,-0.5019832578608187,-0.4907670885619095,-0.500832477250553,-0.04851437836261758,-0.5094414508664996,0.4312037424745563,-0.4299572635902245,0.018770533165993662
2023-10-24,-0.5295889428919227,-0.4420165421187935,-0.4966633401866061,-0.5056456278299769,1.0202895625125898,-0.5142117901371427,2.3610154239499686,0.129257667398365,-0.2258075960215187
2023-10-23,-0.6778296560596859,-0.5340301510581209,-0.6591062710437258,-0.5366282705093591,0.7673420171153046,-0.5632063003099873,1.9786338520474949,0.6209679121553513,-1.3329249969701062
2023-10-22,-0.7518991827143682,-0.732462144529491,-0.7264141195366266,-0.7024007369850506,-0.74297246728953,-0.7119973952814999,-0.7011392907889532,-0.5461556136800393,-0.46699356064982667
2023-10-21,-0.7916979822879858,-0.7739446346941052,-0.778496912307489,-0.7578878708321345,-0.9146915778659628,-0.7677600791203851,-1.0047115000448883,-0.4909572549558123,-0.318837905576693
2023-10-20,-0.8522709094519048,-0.7937757865695556,-0.8316175406039155,-0.7979479914359675,-0.49455149356881595,-0.8080565347826554,-0.14198002012658267,-0.24243846484232678,-0.5124960742249761
2023-10-19,-0.8581456781764643,-0.879914297058709,-0.8635421673594047,-0.8584501600831609,-0.7783189544541649,-0.8689021442261575,-0.6706949781197404,-0.7277789567153173,0.0033190995461739696
2023-10-18,-0.8558289215666149,-0.8626631822638303,-0.8411116154556558,-0.8644779541119324,-0.8911667065171253,-0.8749907823835595,-0.8985818060232001,-0.756803578225926,0.08211023705654584
2023-10-17,-0.7985057016425358,-0.8366545693464651,-0.8450914375564117,-0.8617305746095325,-0.7787206317394553,-0.8722590496388323,-0.6692748359598356,-0.5030658680271407,0.5974058635728097
2023-10-16,-0.8673240987945267,-0.7944865770382046,-0.8423853140086198,-0.8046674781827059,-0.1466409316985892,-0.8149198434199054,0.5626179083784499,-0.1637651279985065,-0.5911781897183002
2023-10-15,-0.8725883327422481,-0.8924365751392997,-0.8516551954150204,-0.8737136360835503,-1.1282728878203574,-0.8843547816925997,-1.382301065551041,-0.9284241521903991,0.011077073116798751
2023-10-14,-0.8771612929865804,-0.9009697577030171,-0.859868938711074,-0.878287475765916,-1.210156852843703,-0.8889892138615151,-1.549721439162744,-0.9367465499206493,0.011087743487428766
2023-10-13,-0.8980252752149158,-0.8830335834553882,-0.8732025090245802,-0.8834374908223062,-0.8545430971909557,-0.8942080465678597,-0.8114939588946642,-0.6784183556696118,-0.13727855544909104
2023-10-12,-0.8542464724283299,-0.8906826275283346,-0.8982465305188252,-0.9037248176554443,-0.7834860013935272,-0.9146212932473639,-0.6503939937205024,-0.5467112089655347,0.4676349039763202
2023-10-11,-0.8520923530547955,-0.8728722732546706,-0.8543400213785999,-0.8604050478429892,-0.7151160800917806,-0.8711174299843194,-0.5394947900146385,-0.739987809716977,0.07893247785829076
2023-10-10,-0.8318781734086127,-0.8485121062305914,-0.8474301944059509,-0.8580340830163596,-0.7418854869880714,-0.8687662371244298,-0.596077276485931,-0.5860577510272984,0.24740425761054477
2023-10-09,-0.7451395086554258,-0.7830399609144746,-0.8474723546513377,-0.8383701335910921,-0.4492588100533384,-0.8490325259535642,-0.014267911601575284,-0.025839803213349867,0.8807036664630407
2023-10-08,-0.7431841690296442,-0.7740378383958886,-0.7362987586875548,-0.7509870814473636,-1.0632764913536703,-0.7612365382374543,-1.3004843200160516,-0.8238901886371955,0.07406256676156195
2023-10-07,-0.7250478317484452,-0.7630470165051594,-0.7141792893242142,-0.7494217543654982,-1.185335910903312,-0.7597007879879311,-1.5411748551792517,-0.9040013180695724,0.2305227947365307
2023-10-06,-0.7810578493659758,-0.7451099678645186,-0.7479368813143024,-0.7310153773629727,-0.7938800127656274,-0.7412310128631333,-0.7823110561414688,-0.4849109627817921,-0.4721153692586992
2023-10-05,-0.7218325791662232,-0.7533214256041673,-0.7505220894352382,-0.7868757584878956,-0.7172281624531874,-0.7974014180072018,-0.5952770423869175,-0.5347835566898309,0.6145353089308885
2023-10-04,-0.7072828889764037,-0.7488089187444281,-0.7171325224974919,-0.7277526924603375,-0.7630045046324658,-0.7380100145521863,-0.723986789511729,-0.7589994998925219,0.1936494636261703
2023-10-03,-0.6972806347135526,-0.7282399110324373,-0.6914296335347737,-0.7133668295829515,-0.826754929345888,-0.7235766803487019,-0.8565373758452816,-0.785407224247664,0.15225263231481806
2023-10-02,-0.5832987946245876,-0.613317209894846,-0.6887327968730264,-0.7020794704795175,-0.21729806238531554,-0.7122420280646098,0.3148698652425687,0.1761296816212838,1.1218729576776725
2023-10-01,-0.6838260624577124,-0.602277971434515,-0.6477912143662657,-0.5879637993055414,-0.7750428689578948,-0.5975907970471016,-0.8284697087006284,-0.051713693221403574,-0.9048131152620206
2023-09-30,-0.6892360355907805,-0.6934292169377678,-0.6537919669106944,-0.689828921599846,-1.0898344176766428,-0.6999967981989418,-1.375824514665836,-0.7839639410830417,0.0059549113877462485
2023-09-29,-0.7133580570078738,-0.7016706693403887,-0.6843344133685061,-0.695061271116722,-0.696359836533347,-0.7052835844561502,-0.6154308465083552,-0.614045432275566,-0.17239588132075936
2023-09-28,-0.8033246820288403,-0.7350406321919253,-0.7719360795195077,-0.7195502114662454,-0.5093654758520679,-0.7299235419993867,-0.23558767368980915,-0.20990846625803436,-0.7906138650889788
2023-09-27,-0.8107456337994272,-0.7885926626551062,-0.7922766181453615,-0.8096153992677256,-0.6958049277424697,-0.8204512624602238,-0.5363862541814127,-0.5077619214931001,-0.010252552535631529
2023-09-26,-0.8190143077123757,-0.8416731284145571,-0.8011512892511813,-0.8162396722115705,-1.0252767243535765,-0.8271514825754006,-1.19643627075767,-0.8918290599587747,-0.02577531643164053
2023-09-25,-0.830845050768245,-0.8452110544054542,-0.8269737496432893,-0.8245229137230288,-0.8844068104004075,-0.8354961786214828,-0.9074680058903511,-0.718838634250453,-0.059266017227639085
2023-09-24,-0.8095790243615159,-0.8383616686438764,-0.8069199156951745,-0.8366681384916266,-1.1012414988233146,-0.847727817776978,-1.34149496026473,-0.8181069876851851,0.2562043809481383
2023-09-23,-0.8105751361725837,-0.8418240656025038,-0.7872278353797534,-0.8155233427310525,-1.2644748194235147,-0.8264991284871075,-1.679259356643167,-1.00270940453061,0.04714225031455275
2023-09-22,-0.8255520420024005,-0.836273032586776,-0.8029663237175547,-0.8164817196233707,-1.0392083645075314,-0.8274776596195471,-1.2244021497716362,-0.8313641648330666,-0.08521813955562718
2023-09-21,-0.7628035590709987,-0.7991203105614018,-0.8128510669088962,-0.8310525094354975,-0.7523643224257599,-0.8421284451857958,-0.6357179385637806,-0.4358505982490105,0.6448265873732979
2023-09-20,-0.7288130905230901,-0.7607936444906812,-0.7495484502556476,-0.768316658597559,-0.7582141405768613,-0.7791083221146501,-0.6888030570850677,-0.6063457383632536,0.3733844567308292
2023-09-19,-0.7388674649964573,-0.7452325916730043,-0.7188610976750935,-0.7347337041649824,-0.8825942324823136,-0.7453761794658289,-0.9533964006861266,-0.714811102050168,-0.03865015492862826
2023-09-18,-0.7620065424639858,-0.7303448779881035,-0.7503388606233256,-0.7448109546613835,-0.6322299740784091,-0.7555148492547171,-0.4563324999628924,-0.33974140683462095,-0.16197278693369896
2023-09-17,-0.742300005180177,-0.7829378406017273,-0.7387035419709872,-0.7683066653595286,-1.1101471740971192,-0.7791490942451684,-1.386042539072972,-0.8810709809321163,0.24594863481989132
2023-09-16,-0.732144652168981,-0.7602135435958579,-0.7117578834528315,-0.7482665988117873,-1.145467872419167,-0.7590348431894652,-1.4629906675562736,-0.8988293833540505,0.15260825504132006
2023-09-15,-0.7558466874240023,-0.7568784438173424,-0.7447253396737085,-0.7378300681567596,-0.8920871054221082,-0.7485564056462577,-0.9702960898521322,-0.6108268807478204,-0.169728457546629
2023-09-14,-0.7864792813679016,-0.7750733803128909,-0.7541287032243889,-0.761676636466672,-0.6948234836487887,-0.7725304183910282,-0.5677124659192434,-0.6924085851324709,-0.2337887722514625
2023-09-13,-0.8110966651164885,-0.8150607070920216,-0.7976513663471766,-0.7925471259429319,-0.7875396676979193,-0.8035580097154676,-0.731689279468919,-0.691799923227901,-0.17473189413023624
2023-09-12,-0.8784068721940518,-0.8086813994090707,-0.8534645366535488,-0.8178457364534771,-0.4835589726114871,-0.8289862284487248,-0.10176704945017014,-0.19794933378457727,-0.5713861107380812
2023-09-11,-0.7722705864317697,-0.809950129540681,-0.8808680957906415,-0.8841720995058726,-0.3377488485031144,-0.8956350711360008,0.2603308052774916,0.006890769202354961,1.057015144077813
2023-09-10,-0.7422827851686534,-0.7830632492813133,-0.7604305691909649,-0.7781728708960536,-0.8935926030380545,-0.7891518569323289,-0.9516000927216157,-0.7111329530595939,0.33927158888527453
2023-09-09,-0.7409188887092004,-0.7808064142309572,-0.716732978316757,-0.748363173555168,-1.2677578025042688,-0.759225113131884,-1.703404655356848,-1.0357713580472012,0.07067510023604393
2023-09-08,-0.7218009831280824,-0.7489929415824925,-0.7369685742775187,-0.7467769982308644,-0.8506729752732841,-0.7576350000416696,-0.8841114253901107,-0.6044463212287727,0.23620629472601826
2023-09-07,-0.7470777502244396,-0.7487301621501617,-0.7277177049774062,-0.7281427165409752,-0.7995008295541272,-0.738920592133762,-0.7946536102839343,-0.6750114867797758,-0.17840500417457505
2023-09-06,-0.7443960496989841,-0.7493126240630992,-0.7483087643898271,-0.7530948124171005,-0.786225883589726,-0.7639954524025271,-0.7535796228638018,-0.5179230044112856,0.08252214406899827
2023-09-05,-0.7509019342849761,-0.7665560953757983,-0.7500253527473886,-0.7508557466254576,-0.8806681121339408,-0.7617529852240197,-0.9408411991197413,-0.6518697960246442,-4.754824182229567e-05
2023-09-04,-0.7414484682930534,-0.7717288898359981,-0.7357283630928918,-0.7573175619733742,-0.9684183838545903,-0.7682629353967777,-1.1104621811170832,-0.8086346834392425,0.1502255382498908
2023-09-03,-0.7393040337531955,-0.767032086988492,-0.7228247389332596,-0.74680977949867,-1.0904001501883134,-0.7577165443027063,-1.3552158834409402,-0.8700325603405444,0.07125460115612947
2023-09-02,-0.7530994093872407,-0.7695665677222043,-0.7196066239852615,-0.7453339476680956,-1.124916629069554,-0.7562623383142196,-1.4235744377355288,-0.9170355563500291,-0.07293465453430135
2023-09-01,-0.7254210978565891,-0.7546515783127445,-0.7621468983002841,-0.7592102497124382,-0.6011027157945326,-0.7702064069514841,-0.3842372942629831,-0.4546610970711417,0.3194250679852666
2023-08-31,-0.6282099164238717,-0.6502890754209439,-0.7078808788638135,-0.7313281546567001,-0.5201268316969306,-0.7421823625752274,-0.24683012958904785,0.010676111957991992,0.9740056636134428
2023-08-30,-0.5886768708977834,-0.6337232586923479,-0.6016295201174181,-0.6346265560132468,-0.7801760767517927,-0.6450087848399045,-0.81171168683934,-0.6839509635079816,0.4341785633090584
2023-08-29,-0.7145380245567078,-0.6147712689596481,-0.6998216168196582,-0.5946056246419241,0.26068629822848394,-0.6047666920183254,1.100887920492215,0.25097385849604675,-1.1320763649382481
2023-08-28,-0.7061383956269468,-0.7455512835934847,-0.720509276902746,-0.7202417545945773,-0.8080686231147738,-0.7309972081030357,-0.8159834822522103,-0.7045638076906231,0.13353454532990316
2023-08-27,-0.7242980717962854,-0.7456481183025142,-0.689031101204023,-0.7120214187767278,-1.177867097283508,-0.7227612377383356,-1.5381512594303477,-0.9531523106684726,-0.11554589684784634
2023-08-26,-0.7134762344184024,-0.7526955156205187,-0.6927665869532525,-0.7302425013743218,-1.2111456736059503,-0.7410815150512328,-1.5974052971276613,-0.9840167450158946,0.1586825055386113
2023-08-25,-0.7015365987740817,-0.7257056532139993,-0.7059767397532495,-0.7194650575663281,-0.7183486050626139,-0.7302497190435332,-0.6418781545568669,-0.6492371923312754,0.1696501726541268
2023-08-24,-0.6706764502643066,-0.7091925637968552,-0.6963237269676579,-0.7080677809744308,-0.7668147962232189,-0.7188471132085771,-0.7430817287548199,-0.5840027854700516,0.3534098453240987
2023-08-23,-0.7435998851491987,-0.6870513582040987,-0.7168690614713618,-0.6766379449581226,-0.4209103672116715,-0.687262302767054,-0.0995774040840535,-0.23295238717084613,-0.6318946352096876
2023-08-22,-0.690138900795539,-0.7309362298249645,-0.7734892749668459,-0.7504276568605488,-0.4121680877814861,-0.7614811710205642,-0.0189182616327022,-0.1625846138704958,0.5696258837261949
2023-08-21,-0.6612875503722486,-0.7051220194343419,-0.6787003742849835,-0.6961583696321781,-0.7713361065921047,-0.7068601068361918,-0.7590128364134847,-0.6879044601898813,0.32960538457263755
2023-08-20,-0.6863851301588931,-0.6937469716722016,-0.6600384339157264,-0.6675689448636569,-0.9324434807241995,-0.6782108897919876,-1.0833906295853917,-0.7375161376273155,-0.17731420058813568
2023-08-19,-0.7006024497353575,-0.692335162900969,-0.6750913146933369,-0.6925767206036146,-0.8054763612906388,-0.7033537036116165,-0.8268595183468619,-0.6069638644637361,-0.07541936164529837
2023-08-18,-0.6661394682990084,-0.6846490458201853,-0.6906886662413915,-0.7064409855602353,-0.014373943696835822,-0.71724340940819,0.7127105090883459,-0.41847128721487864,0.3808865563490299
2023-08-17,-0.46527352997143095,-0.5126108801278918,-0.8496789614149985,-0.6674365791740465,0.7418493404629236,-0.6798145935923747,2.1147736878916885,2.304106758107484,1.9091391208018729
2023-08-16,-0.430363594111337,-0.4786299410462447,-0.42796827311110985,-0.47113994761752187,-0.7880195344551261,-0.48262697969561963,-0.9121628511236894,-0.7245318917803105,0.3852481279183007
2023-08-15,-0.4025128385559384,-0.4532201193705567,-0.3983621528473989,-0.4365493004921934,-0.8696592883977065,-0.4478075802329767,-1.0730987193117274,-0.7402651173694402,0.3215931644730293
2023-08-14,-0.4103840228941074,-0.44020815765600024,-0.36685103386053125,-0.4084964196001772,-0.9360382305470315,-0.41957967520412837,-1.2011754343603445,-0.8770128276951232,-0.017611085771432864
2023-08-13,-0.3945618795468212,-0.43066363989025574,-0.36684439403548635,-0.4164727812266838,-1.1065164420934206,-0.42755742207554576,-1.4962576123117592,-0.7954449907067546,0.20709502109791642
2023-08-12,-0.397621968280166,-0.44264978004962136,-0.34822814446333544,-0.4008476462672711,-1.2330405133177673,-0.4118329704056481,-1.7210459312246953,-1.0444706187162924,0.03066380503631058
2023-08-11,-0.3918172780104342,-0.438277703533255,-0.3587173300480941,-0.40371833640842014,-1.0570669705434885,-0.41465983812158475,-1.4139118325441473,-0.9245237892495323,0.11257695481578532
2023-08-10,-0.3859527567374915,-0.42533478590028306,-0.3487004163039085,-0.3978175244683608,-0.9895743779740375,-0.4086527442252193,-1.2985090459295898,-0.8926839788985742,0.1122312501603979
2023-08-09,-0.383625591695748,-0.41524760130750393,-0.34861953596908557,-0.39205491871758724,-0.6399511582885002,-0.40278155743058164,-0.6940162634509746,-0.8070598546636153,0.07979134289923591
2023-08-08,-0.4305350299767688,-0.40879456989203816,-0.38453848225992726,-0.38960006825099186,-0.6494344755640201,-0.4002400946282732,-0.7118712635332083,-0.46916353418659557,-0.38630027220574303
2023-08-07,-0.4300334349442208,-0.4579688190916268,-0.418161292453363,-0.436539559280179,-0.645287180387591,-0.44731831466675687,-0.6782187358880709,-0.6250373776242245,0.061655766032454325
2023-08-06,-0.4176660080334551,-0.4678174293972245,-0.38358919024255594,-0.4356887031902103,-1.1216347821356232,-0.44643491850552663,-1.5172703998373875,-0.9813702202286786,0.1703930914519008
2023-08-05,-0.4291242736219349,-0.4674783156119512,-0.38389397577960777,-0.42345188403750395,-1.1377664309144335,-0.4340673722483038,-1.5491185168199417,-0.9760713578927886,-0.05333874149013043
2023-08-04,-0.41759243354229314,-0.4495080824221628,-0.3965052566122331,-0.4352808080260721,-0.8071316748459273,-0.4458912900986158,-0.9638872419622782,-0.7231369498489983,0.16723627381557382
2023-08-03,-0.4110760397084753,-0.436171692643383,-0.3829731891298136,-0.42321024962317483,-0.832098635516164,-0.4337004230736389,-1.0134186932832512,-0.7155996507990531,0.11478842367337863
2023-08-02,-0.35486267473106997,-0.4030422695010216,-0.38808908307853923,-0.41678247892509235,-0.5440961296781553,-0.42712251935001705,-0.512684294272938,-0.39202635044687034,0.5848533470341273
2023-08-01,-0.38295776420068317,-0.41007753206502107,-0.3956405682120053,-0.36360911463276113,-0.34749960771447747,-0.37371102837102144,-0.2074891329065985,-0.39275180455632613,-0.1824989413541528
2023-07-31,-0.3739086383886912,-0.4059967963929347,-0.33766006725066433,-0.3890228164819828,-0.8849566003990994,-0.39916642852462414,-1.1206041228404529,-0.8142119273789024,0.14290715324315156
2023-07-30,-0.34282431589887163,-0.3926301026954855,-0.3379796521100679,-0.38011001398240113,-0.9493550076278486,-0.3900334712885211,-1.2356541595027037,-0.6973910211394561,0.35224276777896396
2023-07-29,-0.3530865484320157,-0.3904557965309706,-0.3062457467818064,-0.3485254274883335,-1.1988736852785333,-0.3582991630350975,-1.6741366431075044,-0.9285706391489926,-0.04288507917799197
2023-07-28,-0.375620435993139,-0.396848083534247,-0.3289044337275254,-0.3588080092709303,-0.9828349164257152,-0.36856014921554064,-1.301128998406356,-0.804890956296838,-0.15855478318921581
2023-07-27,-0.3571096276908075,-0.3903579320161679,-0.3318505239294983,-0.38220204779627326,-0.9015735872045908,-0.39205848710426416,-1.1522826164702544,-0.7262020471590289,0.23711671531312148
2023-07-26,-0.38050831593829837,-0.3881876273378056,-0.3418873281539503,-0.363011136569386,-0.6546225785056442,-0.3723383666435714,-0.736016686851029,-0.6286443370673819,-0.1650179418281563
2023-07-25,-0.3929778580052176,-0.4190361782560302,-0.3477806171852475,-0.3864543982146271,-0.9227781603836631,-0.395891067372986,-1.1874362461657237,-0.8460609468623391,-0.06139356630700776
2023-07-24,-0.32991662128945204,-0.3838112542080224,-0.3633511075453658,-0.39903924903577237,-0.5613535723577012,-0.40884301416763813,-0.5539914426821041,-0.4222812368798914,0.6528521646275063
2023-07-23,-0.36685316225644554,-0.36070122429790313,-0.3246063451811235,-0.3353179715971082,-0.8702094302108245,-0.34481717854370725,-1.1177089998290342,-0.5296101721400451,-0.29757710765309303
2023-07-22,-0.3248016989883909,-0.37231057799067385,-0.33224075222931954,-0.3747956145505409,-0.9330651386380887,-0.38448846153802996,-1.209647232739308,-0.5687983735056364,0.47222913568449476
2023-07-21,-0.32540957027336154,-0.3592839117171567,-0.28072626060021594,-0.33062140987868854,-0.8391287617353383,-0.34023710921548295,-1.0667488077665204,-0.8628641501409641,0.04938051024660793
2023-07-20,-0.3294869730585913,-0.3374975809614476,-0.2902124727256638,-0.33242790472025957,-0.3919163782068647,-0.3418679944362156,-0.30544570836861346,-0.6018933107518194,0.027939866680466573
2023-07-19,-0.3153019763706129,-0.3374975809614476,-0.2845282946909844,-0.3356166760832937,-0.6153579599285655,-0.34499385777595326,-0.6837518829635625,-0.6466326993134339,0.1919820761993858
2023-07-18,-0.29270009984614487,-0.34188685805991387,-0.29194525557045947,-0.3216475065169678,-0.6491273979133236,-0.33091388203696104,-0.7486955735882601,-0.62578978791155,0.2734835953213337
2023-07-17,-0.2731917016411055,-0.3109467737346355,-0.29808215437597296,-0.29880755613079635,-0.5060513955577829,-0.30795917255514843,-0.5200010357765839,-0.31290246417999523,0.2420157511481059
2023-07-16,-0.2602634226949645,-0.3017581323548459,-0.22615151573564451,-0.2792378172822815,-0.8952818066135266,-0.2883205963554923,-1.1823499375228015,-0.8004818760451261,0.1792979379521877
2023-07-15,-0.24809294621061453,-0.29549711576096876,-0.2075721101143349,-0.26658004313988204,-0.8868671499348034,-0.2755725102134317,-1.1731850435396531,-0.8931766540617353,0.17469039514856138
2023-07-14,-0.1398678714244655,-0.1696195181977715,-0.2533261365023326,-0.2537665510650168,0.14841933891979853,-0.26260697270860683,0.538610994316791,0.5433913480861906,1.0755458777781097
2023-07-13,-0.3571845485624738,-0.19209890038975502,-0.3162025439286724,-0.1445589272083708,0.22918991535382044,-0.15283480664312396,0.5702668255497044,0.8460501581817195,-2.0075049991828116
2023-07-12,-0.3469698653755972,-0.36593643974432566,-0.31413214653257643,-0.36308615414553486,-0.555614269176798,-0.3723655480639169,-0.5659318427883921,-0.6568201880094369,0.15235551311135706
2023-07-11,-0.34317661391932974,-0.38440803921223293,-0.31838140089693545,-0.35296883964245135,-0.7998429337032619,-0.3621996968546832,-0.9900780773520728,-0.7813350693704726,0.09263940567481475
2023-07-10,-0.37149397162266956,-0.35916674305358304,-0.3430123683069824,-0.3493586124896408,-0.5626636104625488,-0.35855738652838015,-0.5861473688598339,-0.3716167381251312,-0.208818016960481
2023-07-09,-0.3676648687203145,-0.4012252635545291,-0.3277114500680717,-0.3778890062613029,-0.8847493740791719,-0.3872201942827572,-1.1251964181039138,-0.8517122934423456,0.09673034900939419
2023-07-08,-0.358872662553339,-0.4109069746826945,-0.3500657574049077,-0.3737756294921027,-0.9003027788111373,-0.38307502768006163,-1.1537159450517032,-0.758557904538512,0.1409050385926412
2023-07-07,-0.39706814083872655,-0.4039028857208986,-0.3715839823383449,-0.3655433313813493,-0.5407200488441751,-0.3747711037644977,-0.5388980556941291,-0.5292953164649308,-0.2974634490145637
2023-07-06,-0.2947813146666428,-0.27980966527340556,-0.34459276435278413,-0.40125966002430374,-0.13701618750949035,-0.41056903435958025,0.1851728405862329,0.3194456781548832,1.0055604981751514
2023-07-05,-0.25188629848281324,-0.30112763220034194,-0.26055173124513537,-0.30052801904632914,-0.612772749473082,-0.30926388073173455,-0.6988363768057949,-0.524330748322851,0.45942347803651734
2023-07-04,-0.2214344496173742,-0.2635572234650553,-0.2000266678527252,-0.2581786339463766,-0.6708833284301564,-0.2666705950502658,-0.8179745942177997,-0.6794312931201918,0.3470667782521681
2023-07-03,-0.25011870413847703,-0.2503555011988651,-0.1964833038123474,-0.22768264700011362,-0.3104375486239885,-0.236023543610664,-0.2402471775519303,-0.5944258856589341,-0.21172012747628421
2023-07-02,-0.2719659425205517,-0.2764369320592157,-0.26262879916672627,-0.2568700465800614,-0.5614210317381935,-0.2653658868736796,-0.6369473948131198,-0.29683950869011155,-0.14240030264575865
2023-07-01,-0.25753344109470694,-0.3007052831075842,-0.23714474300970875,-0.2778003047879689,-0.7614658738199273,-0.2863771248007858,-0.9595164070784485,-0.7049522290304278,0.1915004970402837
2023-06-30,-0.38975744917591904,-0.29666648376389254,-0.37285364378216895,-0.26377947639224747,0.5242098066910195,-0.27226996764144806,1.172598158837,0.3977318421273004,-1.1893289678275907
2023-06-29,-0.4287002320577155,-0.40458256224072714,-0.37834840686431437,-0.3954211066400832,-0.6719099643546023,-0.4045075776225237,-0.7485335568173697,-0.48186572014659623,-0.3140119809718439
2023-06-28,-0.3281328118407803,-0.38310944314337214,-0.3885077809287469,-0.4348609001638264,-0.43029044443612086,-0.44413808848632813,-0.3018501647955781,-0.21827494968953154,1.0079359222672244
2023-06-27,-0.37782583165027883,-0.3499827263808176,-0.3292634601369342,-0.334485958923269,-0.3390180187968964,-0.34417841516558695,-0.21385587563985226,-0.4012952483148217,-0.4090356078791554
2023-06-26,-0.31163848314848774,-0.3593242719403741,-0.3576159190078736,-0.3837050382755334,-0.18429588559503834,-0.3935806466436147,0.08903391870993546,-0.2580212969749806,0.6806403583565546
2023-06-25,-0.3509910795396562,-0.32209021880630034,-0.30536536021828115,-0.3169209439467911,-0.4630496715735235,-0.3264017662596006,-0.4361689454489942,-0.3508706971313524,-0.3215212044058321
2023-06-24,-0.32184731738527483,-0.3595330713402059,-0.3105478758485094,-0.3566702172883872,-0.7797969997733507,-0.36629050061668766,-0.9538549904474621,-0.6302729842279954,0.3289772605391908
2023-06-23,-0.3563706420348098,-0.3166702222959163,-0.31501567648103784,-0.3293499370016805,-0.23883080352049546,-0.3387693125168235,-0.04742284077985311,-0.22856518867706163,-0.2549550874975612
2023-06-22,-0.3283151049316081,-0.3174019071469462,-0.31043692783433324,-0.36173781821155065,-0.20783499656234528,-0.3712647005399224,0.030593138726075737,-0.27086090842940214,0.31575952699519916
2023-06-21,-0.48734312764678334,-0.3698288496856273,-0.4458384420594171,-0.3323660510320207,0.3313708346458597,-0.34169131520396956,0.9245159004289736,0.34653605965980816,-1.4630987438665939
2023-06-20,-0.5769640011785846,-0.5352178530574255,-0.5705959909712494,-0.49315410468154114,-0.42435656931739557,-0.5030945892158148,-0.24931911012658645,-0.08584106013442452,-0.7910655057981084
2023-06-19,-0.6035898984525592,-0.61085083291702,-0.5868486845527987,-0.5817055364279397,-0.7492575161775235,-0.592005015166092,-0.7838066651370909,-0.6046949812300585,-0.20632790557544103
2023-06-18,-0.5927141895938663,-0.6086930884154748,-0.5658734277733487,-0.6094802944164245,-0.9796754627974759,-0.6198659710202755,-1.1986150104241997,-0.7513363740222948,0.1586184833148277
2023-06-17,-0.6098236141708647,-0.5768979419142615,-0.5726284750175051,-0.5987055155803035,-0.8048207706019159,-0.6089934028820576,-0.8776330282035845,-0.42627161036487554,-0.10466563465319657
2023-06-16,-0.6931773124775503,-0.6388645797136026,-0.6766347218139519,-0.615835640967362,-0.5718516767195678,-0.6261584698302692,-0.43203644923082124,-0.1375613604213988,-0.7299299934188498
2023-06-15,-0.7174259261833241,-0.7187420406425351,-0.7261521508934698,-0.6990026572026898,-0.398257622613664,-0.709659793131783,-0.037058849859912195,-0.4308898426340815,-0.17358807645776683
2023-06-14,-0.5731096991715476,-0.6045268129315212,-0.7038954078803066,-0.7233932098474912,-0.3759952674104843,-0.734027936471564,0.027496656208912125,0.3706437427689081,1.41932911415084
2023-06-13,-0.568003824287306,-0.5844451984775461,-0.5494343176498562,-0.5794647243399018,-0.5829377711998905,-0.5893276452620559,-0.47780492536648256,-0.673370140144931,0.1085119888439474
2023-06-12,-0.5506288619292119,-0.5911887026235834,-0.5576952560650529,-0.5737882919749299,-0.6132206983926232,-0.5836195469894915,-0.5374995669933428,-0.6660166075884035,0.21896484885894626
2023-06-11,-0.5515196357264454,-0.5610677330315544,-0.5266467161045454,-0.5560869601912994,-0.8571992762225451,-0.5658293073733324,-0.9963418402881593,-0.6528154638500827,0.04341176591762452
2023-06-10,-0.4086466066606176,-0.4544161194694307,-0.560191001369885,-0.5577625478422045,0.17510800697387996,-0.5675009647245834,0.8985434416860316,0.5232400210543487,1.408219385251949
2023-06-09,-0.39940100035453574,-0.438656240355699,-0.3775209359370659,-0.4149362322639045,-0.8486287042725114,-0.4239287024594155,-1.046746633266009,-0.7797602405948514,0.14689609090511727
2023-06-08,-0.42145744968114596,-0.4287487568703536,-0.3747569761531371,-0.4050556888860271,-0.8610225113692962,-0.4139531211926006,-1.0727436834526916,-0.7167909849865024,-0.15465340397862815
2023-06-07,-0.33713080283668373,-0.37745795853980163,-0.3881662776538138,-0.4276663378729136,-0.3002650295390814,-0.43666319789130326,-0.07889689248167317,-0.17263411324764488,0.855044495706286
2023-06-06,-0.4571204220111731,-0.3736690629166229,-0.4238091501504271,-0.3429549029592077,-0.17025819435463344,-0.35147662652836575,0.07920063088792094,0.1403068677762032,-1.0777565479611333
2023-06-05,-0.32730168855371944,-0.38243208368653364,-0.4599567448629813,-0.4611087284534738,-0.08041024908677386,-0.4701778891773601,0.3373004740932756,0.3498825322128835,1.263624977891627
2023-06-04,-0.3240811821606164,-0.34857840724882944,-0.2801196947590252,-0.3331686156853632,-0.9917720700591552,-0.3415825895225874,-1.3257644208468649,-0.7760900522683576,0.085974615413575
2023-06-03,-0.299653465700427,-0.35388980477508486,-0.28040349312752316,-0.3300809409002305,-1.0373054556255,-0.33847031689302254,-1.4041842767137338,-0.8192768159976643,0.28746254850020914
2023-06-02,-0.37282154507764576,-0.35160389497971883,-0.33757591561236394,-0.305944804453708,-0.6022236283736776,-0.31404781071255045,-0.6784717368845712,-0.3497324966849297,-0.6312820177580235
2023-06-01,-0.3541364959504983,-0.387039802055349,-0.3473613343209148,-0.3792033772181935,-0.6780748227956732,-0.38760073416759483,-0.7682495417090619,-0.5757435360767897,0.23687402963173934
2023-05-31,-0.3099343556851502,-0.3566949281989298,-0.3373541133909421,-0.359807155842776,-0.6209881925172913,-0.36803011151880255,-0.6806383810852528,-0.3950143246284968,0.4710778257230118
2023-05-30,-0.3229511315063767,-0.3417194722364605,-0.28304850060779835,-0.31607473489136345,-0.7239096989079673,-0.32400980126919265,-0.8787815640687634,-0.6943835278927797,-0.06476236352217951
2023-05-29,-0.29660181298405913,-0.3262616935535482,-0.2913327560145676,-0.32899876395089933,-0.6375329123641854,-0.3369209759333265,-0.7258367673138298,-0.4969918410605597,0.306057488660904
2023-05-28,-0.4237581537930007,-0.34305654473748975,-0.3827694438895767,-0.29999776769035424,-0.5588285635980148,-0.3077281304822113,-0.6089197739144477,0.07907239256661378,-1.1683720989068858
2023-05-27,-0.427860680883995,-0.46791836920091434,-0.39637173865076136,-0.4297437688116225,-1.0796519404040312,-0.4381309945899627,-1.4459688667843897,-0.8816237168222503,0.018002220421424818
2023-05-26,-0.46501662170885816,-0.4652791512547237,-0.42892455800869844,-0.43369255145466823,-0.7093309475718238,-0.4420587098298939,-0.7937921366574984,-0.6028356090550258,-0.2955328335238044
2023-05-25,-0.47457832173355025,-0.49961294480751817,-0.4886896488237605,-0.47066080225968165,-0.5651126191861164,-0.47917493931173544,-0.5171307277264711,-0.42603873744783693,-0.036745086915176084
2023-05-24,-0.3860317671586369,-0.4394807709882132,-0.4587390081131399,-0.4801787127199315,-0.4358614079769962,-0.48867484572250336,-0.2803137632862276,-0.14755488008654946,0.8891700758782893
2023-05-23,-0.4454132483921032,-0.4158638238956849,-0.3984255219868102,-0.39191982952102916,-0.4825269913614972,-0.39985955474343554,-0.4227771199918646,-0.4203133821982247,-0.5048741747477372
2023-05-22,-0.46645335280062117,-0.48281287552237184,-0.4377628644318086,-0.45183016303574247,-0.8612215163677467,-0.4600120379681263,-1.0528011953270686,-0.6832104338070208,-0.1378361936241713
2023-05-21,-0.4415807096177605,-0.48088917793018743,-0.4262965210548036,-0.4729734303804773,-1.0514750993159008,-0.48122713654782406,-1.3821097033598757,-0.7570099245456238,0.2966501982048413
2023-05-20,-0.4535681141269087,-0.4791818337399401,-0.41248156427831495,-0.44704463450767884,-1.1235801364421618,-0.45511938230592824,-1.518182007157385,-0.8511451800290561,-0.06136239961293354
2023-05-19,-0.4727096382790731,-0.4836015309241902,-0.4305816625393205,-0.4598711181171786,-0.8179251069526626,-0.4679490127090254,-0.9724701566827234,-0.7464768920158372,-0.12098144505936817
2023-05-18,-0.43844222348917644,-0.4753503377520221,-0.4702183974757014,-0.47753087211205575,-0.6725901207383479,-0.4856033452234568,-0.7047771115991018,-0.36394135578558207,0.3693163740895832
2023-05-17,-0.4351897844628063,-0.46890732496528376,-0.4489378912412924,-0.44479822093818716,-0.5600629768470831,-0.45260510092396533,-0.5248579037588441,-0.4763397842307357,0.0909516140428969
2023-05-16,-0.4469692382265628,-0.4770751431154645,-0.4298835206677359,-0.44112047195073767,-0.6853775041085425,-0.4488132927857618,-0.7479947474991823,-0.6961613603146521,-0.05499492118948669
2023-05-15,-0.47372300587505917,-0.4529879421238113,-0.4474635277265476,-0.4518056726108785,-0.49431895815324584,-0.4591694139374144,-0.4045264505280695,-0.35180943797084485,-0.20670643505443187
2023-05-14,-0.4806552312789335,-0.48784544371656224,-0.43775481579723674,-0.47952670840858425,-0.8319943726678075,-0.4870439605017707,-0.9884376398188535,-0.7263098718704891,-0.010407203821045811
2023-05-13,-0.46070823986820886,-0.49951278049781017,-0.4458617454063453,-0.4866583666318623,-0.8425304734848459,-0.4942198554729945,-1.0038821941111433,-0.762274756049401,0.24526910877079877
2023-05-12,-0.48216966868898625,-0.5052169735749218,-0.5244409467809298,-0.46730143855131057,-0.11345302672012753,-0.4747579585055844,0.2827884849963746,-0.19256809938325833,-0.14014182274518835
2023-05-11,-0.4052316491005618,-0.45801662342913785,-0.47032493485859866,-0.48604750922607937,-0.2283553776832866,-0.4934315942829737,0.09422066830355036,-0.21487327603915507,0.7633029673336406
2023-05-10,-0.39592825575297624,-0.38846050389015696,-0.43359299119697725,-0.4113976926918817,0.03541782655245996,-0.4181526506359872,0.49233217793804096,0.09082489680815362,0.1462730333785864
2023-05-09,-0.3945501735163249,-0.4294844824531826,-0.37008037664522925,-0.4013138976489347,-0.596958829721436,-0.4078237109046802,-0.616485557466174,-0.7598914298793192,0.06406975698931468
2023-05-08,-0.35647736708073385,-0.3894623180982591,-0.39473698745870617,-0.4005990770725645,0.027058015803900805,-0.40687236119258613,0.4670872432103593,-0.2235724293131157,0.41679798809139734
2023-05-07,-0.31185411379137,-0.314367777524621,-0.30156810516418786,-0.3615208742169242,-0.47193857426441976,-0.3673098038796456,-0.42543285420980315,-0.3147197911612696,0.4691333157208541
2023-05-06,-0.156464993341354,-0.18319135360076627,-0.3057823985386228,-0.31738329299014134,-0.01799343089615334,-0.3225963674112243,0.3136976707019486,0.8402076482686509,1.5195311256609423
2023-05-05,-0.34776485590759976,-0.2132471267544274,-0.2949672458120765,-0.163177352396914,-0.03870485669629181,-0.1671186430347078,0.15195258305363915,0.4980606285092641,-1.7427635849415481
2023-05-04,-0.3033151003320733,-0.34282348838825516,-0.30915238349471097,-0.35399639848916586,-0.5225653832628282,-0.3589515171233906,-0.5173395574345954,-0.498364444804633,0.4787085378516804
2023-05-03,-0.3593848042331714,-0.3434004025365544,-0.34796780806075617,-0.3101800414925842,-0.23621650664575683,-0.3147137555110163,-0.06103547008193159,-0.19778703289295405,-0.4644236133981924
2023-05-02,-0.42273718597663074,-0.39951321616596375,-0.38471413488307765,-0.3652398107592955,-0.363752153054798,-0.3699328109429907,-0.23806831754958668,-0.38841134979328473,-0.5426927471654744
2023-05-01,-0.3623053035529904,-0.3893927434155292,-0.4105261434776319,-0.4283836543198298,-0.18328818351762988,-0.4333470646091468,0.12357874157167806,-0.09870317086877789,0.6241237346858063
2023-04-30,-0.2975062798612774,-0.3074297452657714,-0.29500527684697436,-0.35526435926169203,-0.5289945352072024,-0.359699006182893,-0.5278838213765703,-0.3070442208802418,0.5455271203349922
2023-04-29,-0.3238099271405673,-0.3410933817228367,-0.2761309780557495,-0.3032451180293929,-0.8178354569145266,-0.30729322775668255,-1.0448037009458255,-0.7434763794526723,-0.1940129775051154
2023-04-28,-0.2966415068179876,-0.3313204747001804,-0.2960840275441302,-0.32991796461850154,-0.33807053415827626,-0.3339853825360076,-0.2193839233961089,-0.5028554809656411,0.3143621383280004
2023-04-27,-0.36587903970088614,-0.3097418130696735,-0.3185019376849112,-0.30345744100506666,0.708653790687897,-0.30740195343806476,1.52281342985824,-0.14187689951406843,-0.5892185109014867
2023-04-26,-0.3667641759362733,-0.26951894176729774,-0.4390594911039821,-0.3721095993181163,0.766385641498073,-0.37644276111574865,1.7103711999034084,1.1509816640380768,0.0506632576799917
2023-04-25,-0.40569952120402736,-0.4030839012831969,-0.4171273882909456,-0.37180169506935734,-0.17475841872671616,-0.3760758119410838,0.09127831274196709,-0.1638258330962663,-0.3198658844773481
2023-04-24,-0.37337187973487806,-0.38627314305367505,-0.4060935647888501,-0.41081882145247306,-0.21437509997206536,-0.4152850107895323,0.054413677193558344,-0.10691407902872639,0.35378109745679326
2023-04-23,-0.3537189521356699,-0.3956355594482246,-0.35970122317789577,-0.37943002827937367,-0.5177573694911276,-0.3836186560869725,-0.493957889529679,-0.5521247156037002,0.24295654007060896
2023-04-22,-0.3941835775202927,-0.38848974189705765,-0.3480063183637857,-0.35964757296940536,-0.45757094207565785,-0.36365390284316984,-0.40315494251787937,-0.58306613883561,-0.32589776055314035
2023-04-21,-0.24113290699209314,-0.28037984172905406,-0.37880954467511724,-0.399042873332481,0.38320950050114794,-0.4032572322866287,1.081702231467823,0.5838854071219803,1.49116914234689
2023-04-20,-0.25250236837950263,-0.2428229884401878,-0.22472096687941118,-0.24766820438551623,0.2638711346958513,-0.25089178053967703,0.7185923938242066,-0.30775669360324975,-0.045515302508906584
2023-04-19,0.01990952261371401,-0.046149024127054676,-0.20689743361983,-0.2585528096555397,0.6708042665107827,-0.26184589293893157,1.4039353403020547,1.233817300547119,2.6293341283963634
2023-04-18,-0.025768388899834106,-0.019973361328973288,0.013243501188085684,0.014828430882848073,-0.09906617267044564,0.013311625219018916,-0.07285531230032483,-0.27504031076921887,-0.38331686728348396
2023-04-17,0.04601577067308701,-0.02219930534578354,0.022427748806696013,-0.031177313512674873,-0.013744561774278121,-0.032991924339616736,0.09053048514607742,-0.36636346502232364,0.7288618666050419
2023-04-16,0.0009408164808813843,0.005008221267277425,0.04595336528547318,0.039979900475343916,-0.30387226239398757,0.038631118270893945,-0.39983339252711714,-0.3188647733616234,-0.3686219706179042
2023-04-15,0.01612085177807607,-0.03638772910638786,0.045405425364210064,-0.004797752037419154,-0.2809469378449305,-0.006449267372192188,-0.33857080177451643,-0.6685501526978784,0.19751285938792085
2023-04-14,-0.12646175098008566,-0.012461521607229395,-0.06547007605498245,0.010110232324455662,1.088135049974545,0.00856846736872134,1.7437653590978552,0.40874111836521093,-1.2894977860408567
2023-04-13,-0.28294160224499804,-0.17598481518479822,-0.25247481473680244,-0.13460287195815832,0.4665107909548957,-0.1359687353187134,0.9335628666013618,0.4822577706021123,-1.400522792864387
2023-04-12,-0.3248103902973233,-0.32083096414366435,-0.323808269934495,-0.28411520035034105,0.21193231872439136,-0.2864994411923408,0.6669207550080619,-0.1949405383719371,-0.38409096812838167
2023-04-11,-0.2932224174308041,-0.31008228161467627,-0.2786148252307288,-0.3304432291113068,-0.14162066909559587,-0.33314275850529573,0.1132043197407543,-0.45873443329477354,0.3516044186133711
2023-04-10,-0.3771836114018124,-0.34058106119976944,-0.34405808190906395,-0.2995207832523549,-0.2239960666718358,-0.3020064414994741,-0.04994122079399715,-0.20445031009418588,-0.7331259920420132
2023-04-09,-0.39355630567276423,-0.41003451569642535,-0.37725554419376384,-0.3837783485786701,-0.5585158325562923,-0.38683965439791956,-0.5623055537826138,-0.53708996109738,-0.09212343536496413
2023-04-08,-0.3691542484932019,-0.4005363627378658,-0.3428448530085918,-0.39985857423217075,-0.781425814560003,-0.40303978092386433,-0.9393505010484415,-0.7267082004111218,0.29011263867945886
2023-04-07,-0.35605626543916175,-0.3955263953267814,-0.34775954985440816,-0.37361878963737166,-0.22797387031842253,-0.3766194403479947,0.00018103632701576265,-0.6451824757384726,0.16601610541915812
2023-04-06,-0.29685227065308034,-0.35318423868694415,-0.32884276505191345,-0.36177096369759865,-0.24337526553235575,-0.3646867968163005,-0.035478044947344675,-0.43198426614025326,0.6131399468664624
2023-04-05,-0.3589327634830766,-0.30887463654747,-0.31373671962326694,-0.3029246758928284,0.09734281414108034,-0.30543130046301276,0.49276849404965106,-0.17196760564067662,-0.5286633592131859
2023-04-04,-0.4578347809368096,-0.3887833197432078,-0.4211652001300868,-0.3648887466487925,0.11044937572221529,-0.36782625086621096,0.5738036791119568,-0.009753113399531749,-0.8773939474732371
2023-04-03,-0.4825829912431993,-0.4632509362256828,-0.4850162138001843,-0.46359845444276904,-0.014582444370478531,-0.4672151143596957,0.45127594983094876,-0.14400153766250676,-0.1790093002724558
2023-04-02,-0.4398668404085267,-0.48652971299828807,-0.46906294682162764,-0.48731986988505366,-0.5853247425948782,-0.49109399213325683,-0.5456920668322677,-0.46863635833762357,0.4482966918976713
2023-04-01,-0.4390338812958751,-0.4616570731780316,-0.40724245407458365,-0.4578044251127281,-0.6919259358920804,-0.46137110898540357,-0.7526712992972718,-0.7425182269432606,0.17746561269564137
2023-03-31,-0.4847006672835645,-0.45458615672878494,-0.4549583295963224,-0.4445339383278728,-0.09652001394769684,-0.44801144088556827,0.28872024160767285,-0.30648603468721153,-0.3790183046366122
2023-03-30,-0.48514650622780947,-0.48189664508126123,-0.48377104960966705,-0.49215056797909307,-0.0012140619299653593,-0.49595946637510935,0.5029529788479172,-0.31325113589696096,0.06638599506875682
2023-03-29,-0.5183929288103848,-0.48453277831961017,-0.472427221494065,-0.49172009290989027,-0.09870792698377934,-0.49552456364958064,0.3280302212879391,-0.42507979289933817,-0.25158653593120556
2023-03-28,-0.6120095734920522,-0.5386761684687812,-0.592389569943927,-0.5245911600237291,-0.2295051579369659,-0.5286179429202815,0.12215766766068673,0.05611938163213703,-0.8251203237568232
2023-03-27,-0.5141954477464995,-0.5539532492048301,-0.6129386942475926,-0.6177998813313473,-0.18992218740741543,-0.6224617966632751,0.27987510157032686,0.08721652780390172,0.9785375005212674
2023-03-26,-0.5656428046053436,-0.5280495320523569,-0.5265233088245194,-0.5198903171149849,-0.4543112180216502,-0.5238883757801567,-0.2882018396085725,-0.37143110564131043,-0.4317192191228479
2023-03-25,-0.5532402091951226,-0.5833163775071187,-0.5683625793038098,-0.5717783503513736,-0.5166208829507154,-0.576131065684294,-0.3645603181850118,-0.51473524843734,0.1753302796192841
2023-03-24,-0.44860252135920564,-0.49342697059988955,-0.5450004205473165,-0.5583151677265855,0.1958504713241922,-0.5625811276420398,0.9309098608298914,0.07007511040918225,1.0361795642621139
2023-03-23,-0.5765394896820394,-0.4401270777194407,-0.5412906361912555,-0.4536669335187266,0.21230562100791664,-0.4572123516725352,0.8426004223995306,0.49667080127106344,-1.1599098194624227
2023-03-22,-0.46626608558181865,-0.4910361085259002,-0.5664641845885073,-0.5816119177058314,0.456096066612028,-0.5860251026900722,1.4388167792581852,0.2594589598496632,1.0893793300901276
2023-03-21,-0.5790158167726098,-0.46775518894097734,-0.5541119268614443,-0.46934855319924884,0.17015763828069333,-0.47300475689329674,0.7849532284306304,0.3613231878429767,-1.0352192766485924
2023-03-20,-0.49804056466946367,-0.5125946512680076,-0.5488306427676822,-0.5855072919711375,0.20656500602155067,-0.5899528179300034,0.9826412414212689,-0.06369046534511477,0.8261509436982024
2023-03-19,-0.5345507014021021,-0.4558942439648791,-0.4893751352877329,-0.50379344473663,-0.09300920940010843,-0.5076746585440391,0.3495353331517808,-0.04678218935526055,-0.29014478765290236
2023-03-18,-0.4847457466395102,-0.4613675313542032,-0.5093310859686137,-0.5426817077787712,0.0971092418423899,-0.5468294945517965,0.7329454014130818,0.06348346576028262,0.5473036372501814
2023-03-17,-0.673849872365278,-0.5257516648933097,-0.652823169874259,-0.49256030537210954,0.4533355011081715,-0.49636718768029253,1.3171440983254066,0.6423080898622413,-1.711454506671478
2023-03-16,-0.7079398218466143,-0.6924746623375989,-0.7003580850062044,-0.6799857740048294,-0.06079164274641706,-0.6850741984292377,0.5876422566121062,-0.40928549975387807,-0.26358612768155065
2023-03-15,-0.6284936531066644,-0.6486137164328765,-0.7389575557865022,-0.7141881124524032,0.4944155588505801,-0.719513058007043,1.7011656958123198,0.26960324885425013,0.80948403971565
2023-03-14,-0.668974043176058,-0.5562472608715309,-0.6549202937174285,-0.6372362707758021,1.0652135682068011,-0.6420324193120673,2.6630206794206575,0.39803068250351653,-0.2993336195424844
2023-03-13,-0.8144482907588086,-0.6818430213162885,-0.8149509486758004,-0.674955833898337,0.9909211753463489,-0.6800184542449663,2.59079620550703,0.5835759212034144,-1.3167179629321664
2023-03-12,-0.9907123368439169,-0.8274587099073075,-1.0033557353170428,-0.8213196142796493,0.2898602804983259,-0.8273825246483377,1.457550259346756,0.8212493334731766,-1.598956128930032
2023-03-11,-1.0774321571482324,-1.020571773827879,-1.059448440040561,-0.9963985088686288,0.8592784803037935,-1.003654035589196,2.9688789426885465,-0.388662144272797,-0.7645921627326484
2023-03-10,-1.0617254106430416,-1.0918054940662754,-1.1450647848584201,-1.083320681849772,0.48610575032805764,-1.0911782091018505,2.3310898414030903,-0.32394390525962163,0.20445996155585958
2023-03-09,-0.9068079266332875,-0.9264270634717376,-1.06875827808229,-1.0678697163791495,-0.045393768162480856,-1.075616845954026,1.1143699148706674,0.4896943330192456,1.521274295748783
2023-03-08,-0.8613656219516269,-0.8886462478349241,-0.8797398491461927,-0.9127070378756955,-0.4311086642019298,-0.919391632518007,0.09002543871041735,-0.6749606351852818,0.4852303912056194
2023-03-07,-0.8525088399284068,-0.871398636891396,-0.8643226393092721,-0.8674319656799664,-0.47689080344774415,-0.8738083905985283,-0.048101160620435575,-0.6488141629105293,0.14135082978924055
2023-03-06,-0.8574545117932603,-0.8709370186044031,-0.8400420032590371,-0.8585450698288615,-0.7435116186718629,-0.8240392099458357,-0.6299926177003119,-0.8359761950334615,0.01074116370811957
2023-03-05,-0.8529077669432417,-0.8634763253794553,-0.8356236150003546,-0.8633091436260739,-0.7806761987730101,-0.828918274897861,-0.7017483260719554,-0.8069524863814634,0.09865500751626284
2023-03-04,-0.8494949200134934,-0.8769322935045256,-0.8496386670747232,-0.8593170157602141,-0.8853821495277865,-0.8248274711358565,-0.9154697699772028,-0.8117108558721486,0.0931834563995211
2023-03-03,-0.7222072469410278,-0.762589137543398,-0.8484197841747586,-0.8556688009698986,0.03155509240630627,-0.8211036165485168,0.9283201468709587,0.1565028321357485,1.2605671260237705
2023-03-02,-0.6962043335853669,-0.7255793717112278,-0.7287758522616299,-0.7285962658114292,-0.4392911417538328,-0.6911220644561213,-0.13160901002244152,-0.46870859498757034,0.3062168840391601
2023-03-01,-0.7897171752570598,-0.7391072394311472,-0.7646807292185913,-0.7023947029944341,-0.33639887854946193,-0.6643211839954142,0.04198625176282624,-0.30178999464564504,-0.8241224521897057
2023-02-28,-0.7434360934078623,-0.7689306061434852,-0.7631807888180576,-0.7959508657418215,-0.5647833258547059,-0.7600133743219049,-0.32041857621127146,-0.5686308236769884,0.49624863127200736
2023-02-27,-0.7332549136315076,-0.7404540558413754,-0.7410766901465502,-0.7497224051429175,-0.4129632672652694,-0.7127312936308295,-0.06283288464083417,-0.4990914829922722,0.15587159214733945
2023-02-26,-0.8080580794456922,-0.7676155928356355,-0.7837073858139408,-0.7391685506865026,-0.6635017453993023,-0.7019402697536482,-0.5543367802667449,-0.3958234261205628,-0.6500622846005676
2023-02-25,-0.7854601737680744,-0.8247703250147468,-0.8225287696783958,-0.813804352948233,-0.6751484429933057,-0.7782792887941109,-0.524812648442522,-0.5790252359415208,0.2680426888949174
2023-02-24,-0.7167805725106645,-0.7427842614134245,-0.7960646920594041,-0.7919216575321145,-0.13633326665647622,-0.7558953891395548,0.5178933129124383,-0.08621522477060006,0.7098808586171733
2023-02-23,-0.7291329567088138,-0.7215755936129558,-0.7117778865014134,-0.7224913550736911,-0.11908114494226676,-0.6848839284868189,0.47591518009667116,-0.5682588874897802,-0.06233515358817822
2023-02-22,-0.7049983267960309,-0.7382231150688089,-0.7591296325167651,-0.7352425479433604,-0.0898901860934926,-0.6979174195425076,0.5456589134414387,-0.3379213144287228,0.2859419515965924
2023-02-21,-0.6323834862252972,-0.6592784697913442,-0.6950109416254413,-0.7111705057776586,-0.1674084772854596,-0.6733046434196167,0.3718423736534602,-0.1674943567982318,0.7442634488673951
2023-02-20,-0.6656539843027375,-0.6558190319544888,-0.6661895180345973,-0.6385890976507953,-0.33610771391435007,-0.599058593745761,-0.013331859232914653,-0.36476040475165167,-0.255212220400186
2023-02-19,-0.6504614169348332,-0.6519600577344746,-0.6412684296689881,-0.6731231446108389,-0.45947646097992767,-0.6343808494847966,-0.21518673421714302,-0.5279108052857101,0.2143170196487985
2023-02-18,-0.6454830400565925,-0.673370018027446,-0.6246158507905958,-0.6562401201636964,-0.7026985186440289,-0.6171206475653755,-0.6826103910385113,-0.8420685999918215,0.10190635388923956
2023-02-17,-0.7340411900896905,-0.6553599081208098,-0.7056247437468297,-0.6514208640507864,0.01170284234379335,-0.6121872197726591,0.645979320061292,-0.05044492714454786,-0.7797518576722904
2023-02-16,-0.6794260389353408,-0.6302124341753375,-0.7022618727671772,-0.7403873176066679,0.49267915182148925,-0.7031906150895433,1.6733889516473819,0.13813540535067376,0.5759705475154568
2023-02-15,-0.8698419132669677,-0.7220650621807772,-0.8599525326245372,-0.6856270609353677,0.046932673445905695,-0.6471697077573754,0.7505183279463573,0.5938178055332353,-1.7389747128906494
2023-02-14,-0.9507759365323255,-0.8982866223081786,-0.942665208439633,-0.875656090017928,-0.07991608288773075,-0.8415440446483666,0.7282767727195115,-0.26212354933761056,-0.7088173984991377
2023-02-13,-0.9378894864413717,-0.9568455731504223,-0.9890065855984489,-0.956482020330311,-0.060978081523513146,-0.9242163346293413,0.8705418159249074,-0.3981447181781352,0.17604292219995515
2023-02-12,-0.8974672801729537,-0.9241573684078231,-0.9353865053299522,-0.9436892366640944,-0.731158270731233,-0.9111284807329614,-0.5436896548276019,-0.5406473308388288,0.4369092416544074
2023-02-11,-0.9378490218533865,-0.9307812251352312,-0.9205735059274954,-0.9032137316585105,-0.7735303426763476,-0.8697311775466966,-0.6603181473422561,-0.7138824429285894,-0.3265539192582037
2023-02-10,-0.8863766463828993,-0.9119575074445112,-0.9296345372911001,-0.9439567777269002,-0.2211368706647552,-0.9114138856465896,0.5200434422346542,-0.4815929767871983,0.5441515944127987
2023-02-09,-0.7164762905166726,-0.7519779482135728,-0.8744627334912722,-0.8926261626250438,0.131436736719134,-0.8588993815389969,1.1809888137660325,0.45222508469499123,1.6636430633851942
2023-02-08,-0.6826167314558014,-0.6997147165359741,-0.7071746542460463,-0.7230720604121075,-0.3191242839637757,-0.685468329024248,0.09371312806543702,-0.4175466554107121,0.38234742988321746
2023-02-07,-0.773506552352355,-0.722837245399701,-0.7419720158900316,-0.6884602447274042,-0.28197283716310023,-0.6500645290241759,0.13238593769882148,-0.34139405680699547,-0.8026384516067833
2023-02-06,-0.7480819760919286,-0.7543630396076497,-0.7480164944027834,-0.7791187863213581,-0.4659844672475973,-0.7428075352431749,-0.1405145639011431,-0.5634121318063396,0.2934481658325328
2023-02-05,-0.6903222817227889,-0.7260202007941727,-0.7393644476082064,-0.7540808113607792,-0.4648535164400658,-0.7171890465674989,-0.15948352315174055,-0.3891369649954396,0.6023888652451777
2023-02-04,-0.694703181113383,-0.6972463333206811,-0.6851314550333267,-0.6964996047280549,-0.6443889121511691,-0.658300499388876,-0.5468834539538525,-0.5699372451716258,0.01732198813197576
2023-02-03,-0.7297734630864452,-0.7277052644457923,-0.7089512909777059,-0.7002615450386377,-0.25889819050748003,-0.6621466703677705,0.18714177132978513,-0.6429246139301082,-0.27828481655078563
2023-02-02,-0.7322755584038911,-0.6747058896116818,-0.6968429653795816,-0.7352264849432787,0.13692390578605065,-0.6979038288323348,0.9816596186742768,-0.2850025784512642,0.02824267491061325
2023-02-01,-0.8215104174904055,-0.768472665958515,-0.8238495746603148,-0.7375823509725847,-0.26760660278624815,-0.7003093845329156,0.20628983788570246,-0.08719901786751853,-0.7920547643034674
2023-01-31,-0.8525165181998338,-0.8410142175513882,-0.8290566318889435,-0.8274293330233841,-0.5214463406196157,-0.7922233574313754,-0.20896912096390446,-0.6665552344432115,-0.23644133427196526
2023-01-30,-0.7245002191213629,-0.7654522157988548,-0.8582963388739239,-0.8586624993185776,-0.09137647096288229,-0.8241615263373907,0.684439909098624,0.2097561844924123,1.2671848284767686
2023-01-29,-0.8440454400437891,-0.7543481105635891,-0.8202209196538357,-0.7304883974672836,-0.15420357072924765,-0.6930655360108279,0.41705686990249907,0.005026698490343585,-1.071810863915151
2023-01-28,-0.8025874037394244,-0.8313023814647028,-0.8263519717292555,-0.850356107185076,-0.6509593995340572,-0.8156673324794079,-0.44967129381837667,-0.6047923214918587,0.45146510108770205
2023-01-27,-0.7945307831298539,-0.8119986267200121,-0.8265994156485273,-0.8085336499496352,-0.26636441713952774,-0.7728837768555203,0.2794100542186605,-0.4377683531020978,0.1326314020891067
2023-01-26,-0.7815208481573978,-0.7975604154060092,-0.7901799343419715,-0.8004860299995545,-0.22148034229982705,-0.764661397200993,0.35964633026859577,-0.6009525159804454,0.17948068532142353
2023-01-25,-0.8697730478554442,-0.7880732041337905,-0.8853517617333603,-0.7864943423151871,0.14370041490145993,-0.7503503793890636,1.0607494811648739,0.22926197281660268,-0.7858982828635868
2023-01-24,-0.7542561746372614,-0.7763275173431777,-0.8502305870958105,-0.8760965875926988,-0.25711593707061864,-0.841992538084068,0.3692170526582075,0.05327143727685613,1.1508525942442163
2023-01-23,-0.753113791918112,-0.7739816810149025,-0.753842696129091,-0.7596007306918536,-0.24315725907486324,-0.7228427819993722,0.27525788825030834,-0.6853240236813632,0.06164179475580145
2023-01-22,-0.7550403632300241,-0.7476003773066479,-0.746708894025411,-0.7593877264329495,-0.3668671164925366,-0.7226253306366078,0.03506052143258378,-0.5158730595764095,0.04144012707388134
2023-01-21,-0.7024533668210051,-0.7222384996829738,-0.7215903676564042,-0.7614426717731028,-0.14459901866647862,-0.7247183000032148,0.46843978140183995,-0.4966950411918292,0.5573623576715151
2023-01-20,-0.8769825837395105,-0.7446767681353206,-0.8612691043555539,-0.7083775355819402,-0.19934412010848832,-0.6704370035731617,0.3082013136077549,0.41081599229485777,-1.591577467844016
2023-01-19,-0.9373487292976306,-0.9046662031408318,-0.9133537391534002,-0.88267802261771,-0.5467266287423709,-0.8487335303297632,-0.2128536287142479,-0.547385207382888,-0.5157359979278109
2023-01-18,-0.8520627765874108,-0.8353799005635738,-0.9218085509086645,-0.9429196321357297,0.10325039747007593,-0.9103538102531133,1.1949688128992728,0.11166439841463291,0.8583449871963728
2023-01-17,-0.8367639248367674,-0.8481043675072415,-0.8469114301454175,-0.8578176934789684,-0.35336558712327854,-0.823305311596506,0.1555786889619264,-0.5866540893405913,0.19923048199844381
2023-01-16,-0.8767459215924693,-0.8480435587321913,-0.8874398374717614,-0.8432043161480502,-0.21167491298265526,-0.8083555304064564,0.42496473292697273,-0.26714052630358504,-0.3162585622576859
2023-01-15,-0.879652888812581,-0.9062667646354868,-0.9022439849112114,-0.882803341334716,-0.49005589647615927,-0.8488558467213182,-0.09744108293273739,-0.6485157923880113,0.030202937143369902
2023-01-14,-1.0411258929939509,-0.8956103376334541,-1.0214732373218864,-0.885685569389478,0.9467011105471069,-0.8518050308288098,2.831930671429265,0.38104996849784406,-1.467186324882949
2023-01-13,-1.0955702066742037,-1.0558368147760935,-1.101575058201455,-1.0468066550945458,-0.3393318826711282,-1.0166059823838483,0.3892727853532537,-0.3586588577827681,-0.4598765769696131
2023-01-12,-1.1446664563336393,-1.1019762891549227,-1.1452409116329607,-1.1015634793341045,0.4140191073128067,-1.0726132990058432,2.1333945308570996,-0.40953335429168075,-0.4064019301117126
2023-01-11,-1.2280284280509604,-1.1715957605868699,-1.2387733588867067,-1.1503521681678295,-0.566237091007016,-1.1225183867602637,-1.2386296945532296e-05,-0.26870427995633367,-0.732812528794286
2023-01-10,-1.2525678843366337,-1.2425135188319805,-1.2473965591975982,-1.23384040538141,-0.6465646364662566,-1.2079224094859655,-0.09835323248580212,-0.8072866060581908,-0.17618361724586368
2023-01-09,-1.307764050712656,-1.2434757891263197,-1.3017132480207736,-1.2583067137946913,-0.2885747202134905,-1.2329429069140396,0.7833449070668254,-0.3879962407634402,-0.46631775003913845
2023-01-08,-1.3456007137154335,-1.3294782710638504,-1.3468326159504938,-1.313881708788897,-1.0335247683155573,-1.2897928475667466,-0.9605517946373531,-0.7683194775696276,-0.2988062729375531
2023-01-07,-1.3370836830073918,-1.3557903281829828,-1.3433458311333943,-1.3514239935597852,-1.1876197118478222,-1.328186603804829,-1.3196192393659565,-1.0207714666852625,0.13609842812628647
2023-01-06,-1.367915006291078,-1.351674213345177,-1.3797150336311892,-1.3431174388288538,-0.7879069457186871,-1.3196924099468461,-0.3291983549034445,-0.6993154210662699,-0.23343995092666694
2023-01-05,-1.3581170538873244,-1.3746702346512063,-1.3725079512595757,-1.3739141285837135,-0.9495570301434381,-1.3511956761273325,-0.7064693395625595,-0.9526922299275531,0.14986461872069923
2023-01-04,-1.426031250836496,-1.3648809716127703,-1.4270937431693096,-1.3640151255196402,-0.5514034510305592,-1.341070597048617,0.28636399372703814,-0.43934187971176114,-0.5848412792199243
2023-01-03,-1.4259898398796058,-1.4366409728357297,-1.4367767997561265,-1.4318959622754677,-1.0504471207628725,-1.4105055353213114,-0.9196419395560238,-0.9767846763524521,0.056505707809251494
2023-01-02,-1.4481705318332678,-1.435439622770278,-1.457715400198595,-1.4320945376384586,-0.9886705678732541,-1.410709395973903,-0.7588356868970815,-0.8017064490256011,-0.15104609711201888
2023-01-01,-1.4553083631990948,-1.4611616310080247,-1.4616886984537825,-1.4543571240633948,-1.2150521223931396,-1.4334738355132968,-1.3357864113050424,-0.9903953311494149,-0.008228866848087466
